stadium_id,stadium_code,team_code,stadium_name,data_type,field_name,value,unit,detail,status,source_grade,source_type,source_url,source_date,notes,content
GWANGJU_KIA,GWANGJU,KIA,광주 KIA 챔피언스필드,좌석도,official_seat_map,공식 구장안내도,,"KIA 공식 구장안내도 페이지. 관람석 20,500석.",CONFIRMED_OFFICIAL,A,OFFICIAL_STADIUM_GUIDE,https://tigers.co.kr/tigers/champions-field/stadium-guide,2026,외야자유석을 포함한 좌석 구역 확인용 원천 링크.,"[광주-KIA 챔피언스 필드 · KIA 타이거즈] stadium_code: GWANGJU / team_code: KIA / stadium_name: 광주 KIA 챔피언스필드 / data_type: 좌석도 / field_name: official_seat_map / value: 공식 구장안내도 / detail: KIA 공식 구장안내도 페이지. 관람석 20,500석. / notes: 외야자유석을 포함한 좌석 구역 확인용 원천 링크."
GWANGJU_KIA,GWANGJU,KIA,광주 KIA 챔피언스필드,좌석도,outfield_block,별도 블록번호 없음,,외야자유석은 별도 블록번호를 두지 않는 형태로 정리.,OFFICIAL_APPROXIMATE,A,OFFICIAL_MAP_READING,https://tigers.co.kr/tigers/champions-field/stadium-guide,2026,공식 좌석도 판독값. 501~535는 5층 상단 좌석번호이므로 외야 블록으로 사용하지 않음.,[광주-KIA 챔피언스 필드 · KIA 타이거즈] stadium_code: GWANGJU / team_code: KIA / stadium_name: 광주 KIA 챔피언스필드 / data_type: 좌석도 / field_name: outfield_block / value: 별도 블록번호 없음 / detail: 외야자유석은 별도 블록번호를 두지 않는 형태로 정리. / notes: 공식 좌석도 판독값. 501~535는 5층 상단 좌석번호이므로 외야 블록으로 사용하지 않음. (공식 확인 전 정보로 정확하지 않을 수 있습니다.)
GWANGJU_KIA,GWANGJU,KIA,광주 KIA 챔피언스필드,좌석도,seat_capacity,20500,석,"공식 구장 소개 및 한국관광공사 자료에서 20,500석으로 확인.",CONFIRMED_OFFICIAL,A,OFFICIAL_TEAM_PAGE,https://tigers.co.kr/tigers/champions-field,2026,,"[광주-KIA 챔피언스 필드 · KIA 타이거즈] stadium_code: GWANGJU / team_code: KIA / stadium_name: 광주 KIA 챔피언스필드 / data_type: 좌석도 / field_name: seat_capacity / value: 20500 / unit: 석 / detail: 공식 구장 소개 및 한국관광공사 자료에서 20,500석으로 확인."
DAEJEON_HANWHA,DAEJEON,HANWHA,대전 한화생명 볼파크,주차_수용면,parking_total,1679,면,"지하 1,220면 + 지상 459면.",CONFIRMED,A-,CITY_PLAN+RECENT_FIELD_REPORT,https://daejeon.go.kr/drh/drhStoryDaejeonView.do?boardId=blog_0001&categorySeq=291&menuSeq=1628&ntatcSeq=1411166124,2025~2026,"대전시 계획의 총 1,679면과 개장 직전/이후 현장자료의 지하 1,220·지상 459가 일치.","[대전 한화생명 볼파크 · 한화 이글스] stadium_code: DAEJEON / team_code: HANWHA / stadium_name: 대전 한화생명 볼파크 / data_type: 주차_수용면 / field_name: parking_total / value: 1679 / unit: 면 / detail: 지하 1,220면 + 지상 459면. / notes: 대전시 계획의 총 1,679면과 개장 직전/이후 현장자료의 지하 1,220·지상 459가 일치."
DAEJEON_HANWHA,DAEJEON,HANWHA,대전 한화생명 볼파크,주차_수용면,parking_underground,1220,면,볼파크 지하 주차장.,FIELD_VERIFIED,B,RECENT_FIELD_REPORT,https://www.localtoday.co.kr/news/articleView.html?idxno=319736,2025,,[대전 한화생명 볼파크 · 한화 이글스] stadium_code: DAEJEON / team_code: HANWHA / stadium_name: 대전 한화생명 볼파크 / data_type: 주차_수용면 / field_name: parking_underground / value: 1220 / unit: 면 / detail: 볼파크 지하 주차장. (공식 확인 전 정보로 정확하지 않을 수 있습니다.)
DAEJEON_HANWHA,DAEJEON,HANWHA,대전 한화생명 볼파크,주차_수용면,parking_ground,459,면,볼파크 지상 주차장.,FIELD_VERIFIED,B,RECENT_FIELD_REPORT,https://www.localtoday.co.kr/news/articleView.html?idxno=319736,2025,,[대전 한화생명 볼파크 · 한화 이글스] stadium_code: DAEJEON / team_code: HANWHA / stadium_name: 대전 한화생명 볼파크 / data_type: 주차_수용면 / field_name: parking_ground / value: 459 / unit: 면 / detail: 볼파크 지상 주차장. (공식 확인 전 정보로 정확하지 않을 수 있습니다.)
DAEJEON_HANWHA,DAEJEON,HANWHA,대전 한화생명 볼파크,주차장_요금,parking_fee,무료,,한국관광공사 관광데이터의 주차요금 무료 표기와 최근 운영자료를 종합.,CONFIRMED,A-,PUBLIC_TOURISM_DATA,https://data.visitkorea.or.kr/resource/2766990,2026 확인,"한국관광공사 데이터의 주차면수 900대는 구형 값이므로 요금만 사용. 수용면은 1,679면 자료를 사용.","[대전 한화생명 볼파크 · 한화 이글스] stadium_code: DAEJEON / team_code: HANWHA / stadium_name: 대전 한화생명 볼파크 / data_type: 주차장_요금 / field_name: parking_fee / value: 무료 / detail: 한국관광공사 관광데이터의 주차요금 무료 표기와 최근 운영자료를 종합. / notes: 한국관광공사 데이터의 주차면수 900대는 구형 값이므로 요금만 사용. 수용면은 1,679면 자료를 사용."
DAEJEON_HANWHA,DAEJEON,HANWHA,대전 한화생명 볼파크,주차장_요금,separate_parking_building_fee,"최초 3시간 무료 / 이후 15분당 300원 / 일 최대 3,600원",,한밭문화체육센터 주차빌딩은 볼파크 주차장과 별도 시설.,CONFIRMED_OFFICIAL,A,OFFICIAL_FACILITY_NOTICE,https://www.djsiseol.or.kr/portal/sub020101_board_view.asp?bbs_id=notice&homepage_id=phy&page=1&searchKey=&searchKeyValue=&t_seq=4259,2025-08-01~,볼파크 메인 주차장 '무료'와 혼동 금지.,"[대전 한화생명 볼파크 · 한화 이글스] stadium_code: DAEJEON / team_code: HANWHA / stadium_name: 대전 한화생명 볼파크 / data_type: 주차장_요금 / field_name: separate_parking_building_fee / value: 최초 3시간 무료 / 이후 15분당 300원 / 일 최대 3,600원 / detail: 한밭문화체육센터 주차빌딩은 볼파크 주차장과 별도 시설. / notes: 볼파크 메인 주차장 '무료'와 혼동 금지."
DAEJEON_HANWHA,DAEJEON,HANWHA,대전 한화생명 볼파크,버스정류장명,bus_stop_1,한밭종합운동장 (21090),,"구장 바로 앞, 부사오거리 방면. 급행4·52·513·604 정차.",CONFIRMED,A-,OFFICIAL_ACCESS_PAGE+BUS_ROUTE_CROSSCHECK,https://www.djsiseol.or.kr/portal/sub020205.asp,2026 확인,정류장 번호 21090은 노선/정류장 자료로 교차 확인.,"[대전 한화생명 볼파크 · 한화 이글스] stadium_code: DAEJEON / team_code: HANWHA / stadium_name: 대전 한화생명 볼파크 / data_type: 버스정류장명 / field_name: bus_stop_1 / value: 한밭종합운동장 (21090) / detail: 구장 바로 앞, 부사오거리 방면. 급행4·52·513·604 정차. / notes: 정류장 번호 21090은 노선/정류장 자료로 교차 확인."
DAEJEON_HANWHA,DAEJEON,HANWHA,대전 한화생명 볼파크,버스정류장명,bus_stop_2,한밭종합운동장 (21100),,"21090 맞은편, 오토바이거리·으능정이거리 방향. 급행4·52·513·604 정차.",CONFIRMED,A-,OFFICIAL_ACCESS_PAGE+BUS_ROUTE_CROSSCHECK,https://www.djsiseol.or.kr/portal/sub020205.asp,2026 확인,정류장 번호 21100은 노선/정류장 자료로 교차 확인.,"[대전 한화생명 볼파크 · 한화 이글스] stadium_code: DAEJEON / team_code: HANWHA / stadium_name: 대전 한화생명 볼파크 / data_type: 버스정류장명 / field_name: bus_stop_2 / value: 한밭종합운동장 (21100) / detail: 21090 맞은편, 오토바이거리·으능정이거리 방향. 급행4·52·513·604 정차. / notes: 정류장 번호 21100은 노선/정류장 자료로 교차 확인."
DAEGU_SAMSUNG,DAEGU,SAMSUNG,대구 삼성 라이온즈파크,주차_수용면,parking_total,1117,면,"지하·지상 합계 1,117면.",CONFIRMED_OFFICIAL,A,PUBLIC_ADMIN_RECORD,https://smart.daegu.go.kr/vocRqs/pbl/view.do?cvlRqrNo=Y-R-20160328-000004&orderByKey=&orderByType=&pageIndex=452&showItemListCount=10&srchTxt=&srchType=,시설 고정값,"개장 당시 공식 행정자료와 보도에서 동일한 1,117면 확인.","[대구 삼성 라이온즈 파크 · 삼성 라이온즈] stadium_code: DAEGU / team_code: SAMSUNG / stadium_name: 대구 삼성 라이온즈파크 / data_type: 주차_수용면 / field_name: parking_total / value: 1117 / unit: 면 / detail: 지하·지상 합계 1,117면. / notes: 개장 당시 공식 행정자료와 보도에서 동일한 1,117면 확인."
DAEGU_SAMSUNG,DAEGU,SAMSUNG,대구 삼성 라이온즈파크,주차장_요금,parking_fee,2000,원/경기,"일반 관중용 전설로 주차장 기준 경기 당일 선불 2,000원.",FIELD_VERIFIED,B,RECENT_VISIT_GUIDE,https://many-information.com/%EB%8C%80%EA%B5%AC%EC%82%BC%EC%84%B1-%EB%9D%BC%EC%9D%B4%EC%98%A8%EC%A6%88%ED%8C%8C%ED%81%AC-%EC%A3%BC%EC%B0%A8-%EC%B4%9D%EC%A0%95%EB%A6%AC-%EC%A3%BC%EC%B0%A8%EC%9E%A5-%EC%9C%84%EC%B9%98-%EC%9A%94/,2026 확인,시즌권 전용 달구벌 주차장은 일반 관중용과 분리.,"[대구 삼성 라이온즈 파크 · 삼성 라이온즈] stadium_code: DAEGU / team_code: SAMSUNG / stadium_name: 대구 삼성 라이온즈파크 / data_type: 주차장_요금 / field_name: parking_fee / value: 2000 / unit: 원/경기 / detail: 일반 관중용 전설로 주차장 기준 경기 당일 선불 2,000원. / notes: 시즌권 전용 달구벌 주차장은 일반 관중용과 분리. (공식 확인 전 정보로 정확하지 않을 수 있습니다.)"
GWANGJU_KIA,GWANGJU,KIA,광주 KIA 챔피언스필드,주차_수용면,parking_capacity_reference,1106,면,"개장 당시 공식 행정자료에서 챔피언스필드 주차대수 1,106대로 비교 표기.",HISTORICAL_OFFICIAL,D,PUBLIC_ADMIN_RECORD,https://smart.daegu.go.kr/vocRqs/pbl/view.do?cvlRqrNo=Y-R-20160328-000004&orderByKey=&orderByType=&pageIndex=452&showItemListCount=10&srchTxt=&srchType=,2016,현행 주차구역 재편 가능성이 있어 최신 운영면수와 구분하여 보관.,"[광주-KIA 챔피언스 필드 · KIA 타이거즈] stadium_code: GWANGJU / team_code: KIA / stadium_name: 광주 KIA 챔피언스필드 / data_type: 주차_수용면 / field_name: parking_capacity_reference / value: 1106 / unit: 면 / detail: 개장 당시 공식 행정자료에서 챔피언스필드 주차대수 1,106대로 비교 표기. / notes: 현행 주차구역 재편 가능성이 있어 최신 운영면수와 구분하여 보관. (공식 확인 전 정보로 정확하지 않을 수 있습니다.)"
GWANGJU_KIA,GWANGJU,KIA,광주 KIA 챔피언스필드,주차장_요금,parking_fee,무료 운영,,2026년 7월까지 유료화 시행 확정 공지가 없고 무료 운영 지속으로 확인.,FIELD_VERIFIED,B,RECENT_OPERATION_GUIDE,https://allexishere.com/entry/%EA%B4%91%EC%A3%BC%EA%B8%B0%EC%95%84%EC%B1%94%ED%94%BC%EC%96%B8%EC%8A%A4%ED%95%84%EB%93%9C-%EC%A3%BC%EC%B0%A8%EC%9A%94%EA%B8%88-%EB%AC%B4%EB%A3%8C%EC%9D%B8%EC%A7%80-%EC%B4%9D%EC%A0%95%EB%A6%AC-2026,2026-07-18,유료화 검토 이력은 있으나 시행 확정 전. 경기 당일 구단 공지 재확인 권장.,[광주-KIA 챔피언스 필드 · KIA 타이거즈] stadium_code: GWANGJU / team_code: KIA / stadium_name: 광주 KIA 챔피언스필드 / data_type: 주차장_요금 / field_name: parking_fee / value: 무료 운영 / detail: 2026년 7월까지 유료화 시행 확정 공지가 없고 무료 운영 지속으로 확인. / notes: 유료화 검토 이력은 있으나 시행 확정 전. 경기 당일 구단 공지 재확인 권장. (공식 확인 전 정보로 정확하지 않을 수 있습니다.)
