record_id,stadium_id,stadium_code,team_code,stadium_name,facility_type,floor,side,nearby_section,nearby_gate,gender,indoor_outdoor,location_detail,source_url,source_grade,source_date,verified_at,status,evidence_type,notes
FAC-001,INCHEON_SSG,MUNHAK,SSG,인천 SSG 랜더스필드,화장실,1F,,103 Section 옆,,남·여,실내,103 Section 옆,https://app.ssglanders.com/stadium,A,2026,2026-09-07,CONFIRMED_OFFICIAL,OFFICIAL_MAP,
FAC-002,INCHEON_SSG,MUNHAK,SSG,인천 SSG 랜더스필드,화장실,1F,,105 Section 옆,,남·여,실내,105 Section 옆,https://app.ssglanders.com/stadium,A,2026,2026-09-07,CONFIRMED_OFFICIAL,OFFICIAL_MAP,
FAC-003,INCHEON_SSG,MUNHAK,SSG,인천 SSG 랜더스필드,화장실,1F,,106 Section 옆,,여,실내,106 Section 옆,https://app.ssglanders.com/stadium,A,2026,2026-09-07,CONFIRMED_OFFICIAL,OFFICIAL_MAP,
FAC-004,INCHEON_SSG,MUNHAK,SSG,인천 SSG 랜더스필드,화장실,1F,,107 Section 옆,,여,실내,107 Section 옆,https://app.ssglanders.com/stadium,A,2026,2026-09-07,CONFIRMED_OFFICIAL,OFFICIAL_MAP,
FAC-005,INCHEON_SSG,MUNHAK,SSG,인천 SSG 랜더스필드,화장실,1F,,108 Section 옆,,남·여,실내,108 Section 옆,https://app.ssglanders.com/stadium,A,2026,2026-09-07,CONFIRMED_OFFICIAL,OFFICIAL_MAP,
FAC-006,INCHEON_SSG,MUNHAK,SSG,인천 SSG 랜더스필드,화장실,1F,,110 Section 옆,,남·여,실내,110 Section 옆,https://app.ssglanders.com/stadium,A,2026,2026-09-07,CONFIRMED_OFFICIAL,OFFICIAL_MAP,
FAC-007,INCHEON_SSG,MUNHAK,SSG,인천 SSG 랜더스필드,화장실,2F,,로케트배터리 좌석 뒤,,남·여,실내,로케트배터리 좌석 뒤,https://app.ssglanders.com/stadium,A,2026,2026-09-07,CONFIRMED_OFFICIAL,OFFICIAL_MAP,
FAC-008,INCHEON_SSG,MUNHAK,SSG,인천 SSG 랜더스필드,화장실,2F,,204 Block 뒤,,남·여,실내,204 Block 뒤,https://app.ssglanders.com/stadium,A,2026,2026-09-07,CONFIRMED_OFFICIAL,OFFICIAL_MAP,
FAC-009,INCHEON_SSG,MUNHAK,SSG,인천 SSG 랜더스필드,화장실,2F,,201 옆,,남,실내,201 옆,https://app.ssglanders.com/stadium,A,2026,2026-09-07,CONFIRMED_OFFICIAL,OFFICIAL_MAP,
FAC-010,INCHEON_SSG,MUNHAK,SSG,인천 SSG 랜더스필드,화장실,2F,,202 옆,,여·남,실내,202 옆,https://app.ssglanders.com/stadium,A,2026,2026-09-07,CONFIRMED_OFFICIAL,OFFICIAL_MAP,
FAC-011,INCHEON_SSG,MUNHAK,SSG,인천 SSG 랜더스필드,화장실,2F,,203 옆,,여,실내,203 옆,https://app.ssglanders.com/stadium,A,2026,2026-09-07,CONFIRMED_OFFICIAL,OFFICIAL_MAP,
FAC-012,INCHEON_SSG,MUNHAK,SSG,인천 SSG 랜더스필드,화장실,2F,,노랑통닭 옆,,남·여,실내,노랑통닭 옆,https://app.ssglanders.com/stadium,A,2026,2026-09-07,CONFIRMED_OFFICIAL,OFFICIAL_MAP,
FAC-013,INCHEON_SSG,MUNHAK,SSG,인천 SSG 랜더스필드,화장실,2F,,먹거리스낵코너 옆,,남·여,실내,먹거리스낵코너 옆,https://app.ssglanders.com/stadium,A,2026,2026-09-07,CONFIRMED_OFFICIAL,OFFICIAL_MAP,
FAC-014,INCHEON_SSG,MUNHAK,SSG,인천 SSG 랜더스필드,화장실,2F,,204 옆,,여,실내,204 옆,https://app.ssglanders.com/stadium,A,2026,2026-09-07,CONFIRMED_OFFICIAL,OFFICIAL_MAP,
FAC-015,INCHEON_SSG,MUNHAK,SSG,인천 SSG 랜더스필드,화장실,2F,,205 옆,,여·남,실내,205 옆,https://app.ssglanders.com/stadium,A,2026,2026-09-07,CONFIRMED_OFFICIAL,OFFICIAL_MAP,
FAC-016,INCHEON_SSG,MUNHAK,SSG,인천 SSG 랜더스필드,화장실,2F,,206 옆,,남,실내,206 옆,https://app.ssglanders.com/stadium,A,2026,2026-09-07,CONFIRMED_OFFICIAL,OFFICIAL_MAP,
FAC-017,INCHEON_SSG,MUNHAK,SSG,인천 SSG 랜더스필드,화장실,4F,,317 Section 옆,,남,실내,317 Section 옆,https://app.ssglanders.com/stadium,A,2026,2026-09-07,CONFIRMED_OFFICIAL,OFFICIAL_MAP,공식 지도 위치 문자열 기준. 물리적 화장실 방 수와 동일하다고 단정하지 않음.
FAC-018,INCHEON_SSG,MUNHAK,SSG,인천 SSG 랜더스필드,화장실,4F,,315 Section 옆,,여,실내,315 Section 옆,https://app.ssglanders.com/stadium,A,2026,2026-09-07,CONFIRMED_OFFICIAL,OFFICIAL_MAP,공식 지도 위치 문자열 기준. 물리적 화장실 방 수와 동일하다고 단정하지 않음.
FAC-019,INCHEON_SSG,MUNHAK,SSG,인천 SSG 랜더스필드,화장실,4F,,314 Section 옆,,남,실내,314 Section 옆,https://app.ssglanders.com/stadium,A,2026,2026-09-07,CONFIRMED_OFFICIAL,OFFICIAL_MAP,공식 지도 위치 문자열 기준. 물리적 화장실 방 수와 동일하다고 단정하지 않음.
FAC-020,INCHEON_SSG,MUNHAK,SSG,인천 SSG 랜더스필드,화장실,4F,,313 Section 옆,,여,실내,313 Section 옆,https://app.ssglanders.com/stadium,A,2026,2026-09-07,CONFIRMED_OFFICIAL,OFFICIAL_MAP,공식 지도 위치 문자열 기준. 물리적 화장실 방 수와 동일하다고 단정하지 않음.
FAC-021,INCHEON_SSG,MUNHAK,SSG,인천 SSG 랜더스필드,화장실,4F,,311 Section 옆,,남,실내,311 Section 옆,https://app.ssglanders.com/stadium,A,2026,2026-09-07,CONFIRMED_OFFICIAL,OFFICIAL_MAP,공식 지도 위치 문자열 기준. 물리적 화장실 방 수와 동일하다고 단정하지 않음.
FAC-022,INCHEON_SSG,MUNHAK,SSG,인천 SSG 랜더스필드,화장실,4F,,308 Section 옆,,남,실내,308 Section 옆,https://app.ssglanders.com/stadium,A,2026,2026-09-07,CONFIRMED_OFFICIAL,OFFICIAL_MAP,공식 지도 위치 문자열 기준. 물리적 화장실 방 수와 동일하다고 단정하지 않음.
FAC-023,INCHEON_SSG,MUNHAK,SSG,인천 SSG 랜더스필드,화장실,4F,,306 Section 옆,,여,실내,306 Section 옆,https://app.ssglanders.com/stadium,A,2026,2026-09-07,CONFIRMED_OFFICIAL,OFFICIAL_MAP,공식 지도 위치 문자열 기준. 물리적 화장실 방 수와 동일하다고 단정하지 않음.
FAC-024,INCHEON_SSG,MUNHAK,SSG,인천 SSG 랜더스필드,화장실,4F,,305 Section 옆,,남,실내,305 Section 옆,https://app.ssglanders.com/stadium,A,2026,2026-09-07,CONFIRMED_OFFICIAL,OFFICIAL_MAP,공식 지도 위치 문자열 기준. 물리적 화장실 방 수와 동일하다고 단정하지 않음.
FAC-025,INCHEON_SSG,MUNHAK,SSG,인천 SSG 랜더스필드,화장실,4F,,304 Section 옆,,여,실내,304 Section 옆,https://app.ssglanders.com/stadium,A,2026,2026-09-07,CONFIRMED_OFFICIAL,OFFICIAL_MAP,공식 지도 위치 문자열 기준. 물리적 화장실 방 수와 동일하다고 단정하지 않음.
FAC-026,INCHEON_SSG,MUNHAK,SSG,인천 SSG 랜더스필드,화장실,4F,,302 Section 옆,,남,실내,302 Section 옆,https://app.ssglanders.com/stadium,A,2026,2026-09-07,CONFIRMED_OFFICIAL,OFFICIAL_MAP,공식 지도 위치 문자열 기준. 물리적 화장실 방 수와 동일하다고 단정하지 않음.
FAC-027,INCHEON_SSG,MUNHAK,SSG,인천 SSG 랜더스필드,수유실,1F,,,GATE 3,,실내,GATE 3 인근,https://itour.incheon.go.kr/thmtour/thmtour/detail.do?cotId=ITA25032611000221861,A,2026-03-16,2026-09-07,CONFIRMED_OFFICIAL,OFFICIAL_TOURISM_PAGE,의무실·키즈존도 같은 권역으로 안내.
FAC-028,INCHEON_SSG,MUNHAK,SSG,인천 SSG 랜더스필드,흡연구역,1F,,,GATE 7,,외부,7번 GATE 앞,https://blog.naver.com/PostView.naver?blogId=heki_&logNo=224348596664,B,2026-07,2026-09-07,FIELD_VERIFIED,RECENT_VISIT,공식 위치 공지는 미확인. 방문자료 기준.
FAC-029,INCHEON_SSG,MUNHAK,SSG,인천 SSG 랜더스필드,흡연구역,1F,,,GATE 5~6,,외부,5~6번 GATE 앞,https://blog.naver.com/PostView.naver?blogId=heki_&logNo=224348596664,B,2026-07,2026-09-07,FIELD_VERIFIED,RECENT_VISIT,공식 위치 공지는 미확인. 방문자료 기준.
FAC-030,INCHEON_SSG,MUNHAK,SSG,인천 SSG 랜더스필드,흡연구역,1F,,,스타벅스 GATE,,외부,1루 매표소 쪽 스타벅스 GATE,https://blog.naver.com/PostView.naver?blogId=heki_&logNo=224348596664,B,2026-07,2026-09-07,FIELD_VERIFIED,RECENT_VISIT,공식 위치 공지는 미확인. 방문자료 기준.
FAC-031,DAEJEON_HANWHA,DAEJEON,HANWHA,대전 한화생명 볼파크,화장실,1F,외야,외야 502~503,,남,실내,외야 502~503 인접,https://app.hanwhaeagles.co.kr/app/stadium,A,2026,2026-09-07,OFFICIAL_APPROXIMATE,OFFICIAL_APP_LAYER,층·시설 종류는 공식 레이어. 블록은 이미지 핀 판독이므로 '인접/약' 의미 유지.
FAC-032,DAEJEON_HANWHA,DAEJEON,HANWHA,대전 한화생명 볼파크,화장실,1F,3루,3루 222~223,,남,실내,3루 222~223 인접,https://app.hanwhaeagles.co.kr/app/stadium,A,2026,2026-09-07,OFFICIAL_APPROXIMATE,OFFICIAL_APP_LAYER,층·시설 종류는 공식 레이어. 블록은 이미지 핀 판독이므로 '인접/약' 의미 유지.
FAC-033,DAEJEON_HANWHA,DAEJEON,HANWHA,대전 한화생명 볼파크,화장실,1F,3루,3루 219~220,,남,실내,3루 219~220 인접,https://app.hanwhaeagles.co.kr/app/stadium,A,2026,2026-09-07,OFFICIAL_APPROXIMATE,OFFICIAL_APP_LAYER,층·시설 종류는 공식 레이어. 블록은 이미지 핀 판독이므로 '인접/약' 의미 유지.
FAC-034,DAEJEON_HANWHA,DAEJEON,HANWHA,대전 한화생명 볼파크,화장실,1F,3루,3루 215~216,,남,실내,3루 215~216 인접,https://app.hanwhaeagles.co.kr/app/stadium,A,2026,2026-09-07,OFFICIAL_APPROXIMATE,OFFICIAL_APP_LAYER,층·시설 종류는 공식 레이어. 블록은 이미지 핀 판독이므로 '인접/약' 의미 유지.
FAC-035,DAEJEON_HANWHA,DAEJEON,HANWHA,대전 한화생명 볼파크,화장실,1F,1루,1루 201~202,,남,실내,1루 201~202 인접,https://app.hanwhaeagles.co.kr/app/stadium,A,2026,2026-09-07,OFFICIAL_APPROXIMATE,OFFICIAL_APP_LAYER,층·시설 종류는 공식 레이어. 블록은 이미지 핀 판독이므로 '인접/약' 의미 유지.
FAC-036,DAEJEON_HANWHA,DAEJEON,HANWHA,대전 한화생명 볼파크,화장실,1F,1루,1루 204~205,,남,실내,1루 204~205 인접,https://app.hanwhaeagles.co.kr/app/stadium,A,2026,2026-09-07,OFFICIAL_APPROXIMATE,OFFICIAL_APP_LAYER,층·시설 종류는 공식 레이어. 블록은 이미지 핀 판독이므로 '인접/약' 의미 유지.
FAC-037,DAEJEON_HANWHA,DAEJEON,HANWHA,대전 한화생명 볼파크,화장실,1F,1루,1루 205~206,,남,실내,1루 205~206 인접,https://app.hanwhaeagles.co.kr/app/stadium,A,2026,2026-09-07,OFFICIAL_APPROXIMATE,OFFICIAL_APP_LAYER,층·시설 종류는 공식 레이어. 블록은 이미지 핀 판독이므로 '인접/약' 의미 유지.
FAC-038,DAEJEON_HANWHA,DAEJEON,HANWHA,대전 한화생명 볼파크,화장실,1F,1루,1루 209~210,,남,실내,1루 209~210 인접,https://app.hanwhaeagles.co.kr/app/stadium,A,2026,2026-09-07,OFFICIAL_APPROXIMATE,OFFICIAL_APP_LAYER,층·시설 종류는 공식 레이어. 블록은 이미지 핀 판독이므로 '인접/약' 의미 유지.
FAC-039,DAEJEON_HANWHA,DAEJEON,HANWHA,대전 한화생명 볼파크,화장실,1F,외야,외야 502~503,,여,실내,외야 502~503 인접,https://app.hanwhaeagles.co.kr/app/stadium,A,2026,2026-09-07,OFFICIAL_APPROXIMATE,OFFICIAL_APP_LAYER,층·시설 종류는 공식 레이어. 블록은 이미지 핀 판독이므로 '인접/약' 의미 유지.
FAC-040,DAEJEON_HANWHA,DAEJEON,HANWHA,대전 한화생명 볼파크,화장실,1F,3루,3루 221~222,,여,실내,3루 221~222 인접,https://app.hanwhaeagles.co.kr/app/stadium,A,2026,2026-09-07,OFFICIAL_APPROXIMATE,OFFICIAL_APP_LAYER,층·시설 종류는 공식 레이어. 블록은 이미지 핀 판독이므로 '인접/약' 의미 유지.
FAC-041,DAEJEON_HANWHA,DAEJEON,HANWHA,대전 한화생명 볼파크,화장실,1F,3루,3루 218~219,,여,실내,3루 218~219 인접,https://app.hanwhaeagles.co.kr/app/stadium,A,2026,2026-09-07,OFFICIAL_APPROXIMATE,OFFICIAL_APP_LAYER,층·시설 종류는 공식 레이어. 블록은 이미지 핀 판독이므로 '인접/약' 의미 유지.
FAC-042,DAEJEON_HANWHA,DAEJEON,HANWHA,대전 한화생명 볼파크,화장실,1F,3루,3루 214~215,,여,실내,3루 214~215 인접,https://app.hanwhaeagles.co.kr/app/stadium,A,2026,2026-09-07,OFFICIAL_APPROXIMATE,OFFICIAL_APP_LAYER,층·시설 종류는 공식 레이어. 블록은 이미지 핀 판독이므로 '인접/약' 의미 유지.
FAC-043,DAEJEON_HANWHA,DAEJEON,HANWHA,대전 한화생명 볼파크,화장실,1F,1루,1루 202~203,,여,실내,1루 202~203 인접,https://app.hanwhaeagles.co.kr/app/stadium,A,2026,2026-09-07,OFFICIAL_APPROXIMATE,OFFICIAL_APP_LAYER,층·시설 종류는 공식 레이어. 블록은 이미지 핀 판독이므로 '인접/약' 의미 유지.
FAC-044,DAEJEON_HANWHA,DAEJEON,HANWHA,대전 한화생명 볼파크,화장실,1F,1루,1루 204~205,,여,실내,1루 204~205 인접,https://app.hanwhaeagles.co.kr/app/stadium,A,2026,2026-09-07,OFFICIAL_APPROXIMATE,OFFICIAL_APP_LAYER,층·시설 종류는 공식 레이어. 블록은 이미지 핀 판독이므로 '인접/약' 의미 유지.
FAC-045,DAEJEON_HANWHA,DAEJEON,HANWHA,대전 한화생명 볼파크,화장실,1F,1루,1루 205~206,,여,실내,1루 205~206 인접,https://app.hanwhaeagles.co.kr/app/stadium,A,2026,2026-09-07,OFFICIAL_APPROXIMATE,OFFICIAL_APP_LAYER,층·시설 종류는 공식 레이어. 블록은 이미지 핀 판독이므로 '인접/약' 의미 유지.
FAC-046,DAEJEON_HANWHA,DAEJEON,HANWHA,대전 한화생명 볼파크,화장실,1F,1루,1루 209~210,,여,실내,1루 209~210 인접,https://app.hanwhaeagles.co.kr/app/stadium,A,2026,2026-09-07,OFFICIAL_APPROXIMATE,OFFICIAL_APP_LAYER,층·시설 종류는 공식 레이어. 블록은 이미지 핀 판독이므로 '인접/약' 의미 유지.
FAC-047,DAEJEON_HANWHA,DAEJEON,HANWHA,대전 한화생명 볼파크,화장실,2F,3루,3루 222~223,,남,실내,3루 222~223 인접,https://app.hanwhaeagles.co.kr/app/stadium,A,2026,2026-09-07,OFFICIAL_APPROXIMATE,OFFICIAL_APP_LAYER,층·시설 종류는 공식 레이어. 블록은 이미지 핀 판독이므로 '인접/약' 의미 유지.
FAC-048,DAEJEON_HANWHA,DAEJEON,HANWHA,대전 한화생명 볼파크,화장실,2F,3루,3루 215~216,,남,실내,3루 215~216 인접,https://app.hanwhaeagles.co.kr/app/stadium,A,2026,2026-09-07,OFFICIAL_APPROXIMATE,OFFICIAL_APP_LAYER,층·시설 종류는 공식 레이어. 블록은 이미지 핀 판독이므로 '인접/약' 의미 유지.
FAC-049,DAEJEON_HANWHA,DAEJEON,HANWHA,대전 한화생명 볼파크,화장실,2F,1루,1루 201~202,,남,실내,1루 201~202 인접,https://app.hanwhaeagles.co.kr/app/stadium,A,2026,2026-09-07,OFFICIAL_APPROXIMATE,OFFICIAL_APP_LAYER,층·시설 종류는 공식 레이어. 블록은 이미지 핀 판독이므로 '인접/약' 의미 유지.
FAC-050,DAEJEON_HANWHA,DAEJEON,HANWHA,대전 한화생명 볼파크,화장실,2F,1루,1루 209~210,,남,실내,1루 209~210 인접,https://app.hanwhaeagles.co.kr/app/stadium,A,2026,2026-09-07,OFFICIAL_APPROXIMATE,OFFICIAL_APP_LAYER,층·시설 종류는 공식 레이어. 블록은 이미지 핀 판독이므로 '인접/약' 의미 유지.
FAC-051,DAEJEON_HANWHA,DAEJEON,HANWHA,대전 한화생명 볼파크,화장실,2F,3루,3루 222~223,,여,실내,3루 222~223 인접,https://app.hanwhaeagles.co.kr/app/stadium,A,2026,2026-09-07,OFFICIAL_APPROXIMATE,OFFICIAL_APP_LAYER,층·시설 종류는 공식 레이어. 블록은 이미지 핀 판독이므로 '인접/약' 의미 유지.
FAC-052,DAEJEON_HANWHA,DAEJEON,HANWHA,대전 한화생명 볼파크,화장실,2F,3루,3루 214~215,,여,실내,3루 214~215 인접,https://app.hanwhaeagles.co.kr/app/stadium,A,2026,2026-09-07,OFFICIAL_APPROXIMATE,OFFICIAL_APP_LAYER,층·시설 종류는 공식 레이어. 블록은 이미지 핀 판독이므로 '인접/약' 의미 유지.
FAC-053,DAEJEON_HANWHA,DAEJEON,HANWHA,대전 한화생명 볼파크,화장실,2F,1루,1루 203~204,,여,실내,1루 203~204 인접,https://app.hanwhaeagles.co.kr/app/stadium,A,2026,2026-09-07,OFFICIAL_APPROXIMATE,OFFICIAL_APP_LAYER,층·시설 종류는 공식 레이어. 블록은 이미지 핀 판독이므로 '인접/약' 의미 유지.
FAC-054,DAEJEON_HANWHA,DAEJEON,HANWHA,대전 한화생명 볼파크,화장실,2F,1루,1루 210~211,,여,실내,1루 210~211 인접,https://app.hanwhaeagles.co.kr/app/stadium,A,2026,2026-09-07,OFFICIAL_APPROXIMATE,OFFICIAL_APP_LAYER,층·시설 종류는 공식 레이어. 블록은 이미지 핀 판독이므로 '인접/약' 의미 유지.
FAC-055,DAEJEON_HANWHA,DAEJEON,HANWHA,대전 한화생명 볼파크,화장실,3F,3루,3루 상단 328~330,,남,실내,3루 상단 328~330 인접,https://app.hanwhaeagles.co.kr/app/stadium,A,2026,2026-09-07,OFFICIAL_APPROXIMATE,OFFICIAL_APP_LAYER,층·시설 종류는 공식 레이어. 블록은 이미지 핀 판독이므로 '인접/약' 의미 유지.
FAC-056,DAEJEON_HANWHA,DAEJEON,HANWHA,대전 한화생명 볼파크,화장실,3F,1루,1루 상단 301~303,,남,실내,1루 상단 301~303 인접,https://app.hanwhaeagles.co.kr/app/stadium,A,2026,2026-09-07,OFFICIAL_APPROXIMATE,OFFICIAL_APP_LAYER,층·시설 종류는 공식 레이어. 블록은 이미지 핀 판독이므로 '인접/약' 의미 유지.
FAC-057,DAEJEON_HANWHA,DAEJEON,HANWHA,대전 한화생명 볼파크,화장실,3F,,하단 S27~28,,남,실내,하단 S27~28 인접,https://app.hanwhaeagles.co.kr/app/stadium,A,2026,2026-09-07,OFFICIAL_APPROXIMATE,OFFICIAL_APP_LAYER,층·시설 종류는 공식 레이어. 블록은 이미지 핀 판독이므로 '인접/약' 의미 유지.
FAC-058,DAEJEON_HANWHA,DAEJEON,HANWHA,대전 한화생명 볼파크,화장실,3F,,하단 S10~11,,남,실내,하단 S10~11 인접,https://app.hanwhaeagles.co.kr/app/stadium,A,2026,2026-09-07,OFFICIAL_APPROXIMATE,OFFICIAL_APP_LAYER,층·시설 종류는 공식 레이어. 블록은 이미지 핀 판독이므로 '인접/약' 의미 유지.
FAC-059,DAEJEON_HANWHA,DAEJEON,HANWHA,대전 한화생명 볼파크,화장실,3F,3루,3루 상단 328~330,,여,실내,3루 상단 328~330 인접,https://app.hanwhaeagles.co.kr/app/stadium,A,2026,2026-09-07,OFFICIAL_APPROXIMATE,OFFICIAL_APP_LAYER,층·시설 종류는 공식 레이어. 블록은 이미지 핀 판독이므로 '인접/약' 의미 유지.
FAC-060,DAEJEON_HANWHA,DAEJEON,HANWHA,대전 한화생명 볼파크,화장실,3F,1루,1루 상단 303~304,,여,실내,1루 상단 303~304 인접,https://app.hanwhaeagles.co.kr/app/stadium,A,2026,2026-09-07,OFFICIAL_APPROXIMATE,OFFICIAL_APP_LAYER,층·시설 종류는 공식 레이어. 블록은 이미지 핀 판독이므로 '인접/약' 의미 유지.
FAC-061,DAEJEON_HANWHA,DAEJEON,HANWHA,대전 한화생명 볼파크,화장실,3F,,하단 S26~27,,여,실내,하단 S26~27 인접,https://app.hanwhaeagles.co.kr/app/stadium,A,2026,2026-09-07,OFFICIAL_APPROXIMATE,OFFICIAL_APP_LAYER,층·시설 종류는 공식 레이어. 블록은 이미지 핀 판독이므로 '인접/약' 의미 유지.
FAC-062,DAEJEON_HANWHA,DAEJEON,HANWHA,대전 한화생명 볼파크,화장실,3F,,하단 S11~12,,여,실내,하단 S11~12 인접,https://app.hanwhaeagles.co.kr/app/stadium,A,2026,2026-09-07,OFFICIAL_APPROXIMATE,OFFICIAL_APP_LAYER,층·시설 종류는 공식 레이어. 블록은 이미지 핀 판독이므로 '인접/약' 의미 유지.
FAC-063,DAEJEON_HANWHA,DAEJEON,HANWHA,대전 한화생명 볼파크,화장실,4F,1루,1루 상단 402~404,,남,실내,1루 상단 402~404 인접,https://app.hanwhaeagles.co.kr/app/stadium,A,2026,2026-09-07,OFFICIAL_APPROXIMATE,OFFICIAL_APP_LAYER,층·시설 종류는 공식 레이어. 블록은 이미지 핀 판독이므로 '인접/약' 의미 유지.
FAC-064,DAEJEON_HANWHA,DAEJEON,HANWHA,대전 한화생명 볼파크,화장실,4F,3루,3루 하단 420~421,,남,실내,3루 하단 420~421 인접,https://app.hanwhaeagles.co.kr/app/stadium,A,2026,2026-09-07,OFFICIAL_APPROXIMATE,OFFICIAL_APP_LAYER,층·시설 종류는 공식 레이어. 블록은 이미지 핀 판독이므로 '인접/약' 의미 유지.
FAC-065,DAEJEON_HANWHA,DAEJEON,HANWHA,대전 한화생명 볼파크,화장실,4F,1루,1루 하단 410~411,,남,실내,1루 하단 410~411 인접,https://app.hanwhaeagles.co.kr/app/stadium,A,2026,2026-09-07,OFFICIAL_APPROXIMATE,OFFICIAL_APP_LAYER,층·시설 종류는 공식 레이어. 블록은 이미지 핀 판독이므로 '인접/약' 의미 유지.
FAC-066,DAEJEON_HANWHA,DAEJEON,HANWHA,대전 한화생명 볼파크,화장실,4F,1루,1루 상단 403~404,,여,실내,1루 상단 403~404 인접,https://app.hanwhaeagles.co.kr/app/stadium,A,2026,2026-09-07,OFFICIAL_APPROXIMATE,OFFICIAL_APP_LAYER,층·시설 종류는 공식 레이어. 블록은 이미지 핀 판독이므로 '인접/약' 의미 유지.
FAC-067,DAEJEON_HANWHA,DAEJEON,HANWHA,대전 한화생명 볼파크,화장실,4F,3루,3루 하단 420~421,,여,실내,3루 하단 420~421 인접,https://app.hanwhaeagles.co.kr/app/stadium,A,2026,2026-09-07,OFFICIAL_APPROXIMATE,OFFICIAL_APP_LAYER,층·시설 종류는 공식 레이어. 블록은 이미지 핀 판독이므로 '인접/약' 의미 유지.
FAC-068,DAEJEON_HANWHA,DAEJEON,HANWHA,대전 한화생명 볼파크,화장실,4F,1루,1루 하단 410~411,,여,실내,1루 하단 410~411 인접,https://app.hanwhaeagles.co.kr/app/stadium,A,2026,2026-09-07,OFFICIAL_APPROXIMATE,OFFICIAL_APP_LAYER,층·시설 종류는 공식 레이어. 블록은 이미지 핀 판독이므로 '인접/약' 의미 유지.
FAC-069,DAEJEON_HANWHA,DAEJEON,HANWHA,대전 한화생명 볼파크,장애인화장실,1F,,외야 502~503,,공용/미상,실내,외야 502~503 인접,https://app.hanwhaeagles.co.kr/app/stadium,A,2026,2026-09-07,OFFICIAL_APPROXIMATE,OFFICIAL_APP_LAYER,블록은 이미지 핀 판독이므로 정확 경계 대신 인접 권역으로 기록.
FAC-070,DAEJEON_HANWHA,DAEJEON,HANWHA,대전 한화생명 볼파크,장애인화장실,1F,3루,3루 223~224,,공용/미상,실내,3루 223~224 인접,https://app.hanwhaeagles.co.kr/app/stadium,A,2026,2026-09-07,OFFICIAL_APPROXIMATE,OFFICIAL_APP_LAYER,블록은 이미지 핀 판독이므로 정확 경계 대신 인접 권역으로 기록.
FAC-071,DAEJEON_HANWHA,DAEJEON,HANWHA,대전 한화생명 볼파크,장애인화장실,1F,1루,1루 203~204,,공용/미상,실내,1루 203~204 인접,https://app.hanwhaeagles.co.kr/app/stadium,A,2026,2026-09-07,OFFICIAL_APPROXIMATE,OFFICIAL_APP_LAYER,블록은 이미지 핀 판독이므로 정확 경계 대신 인접 권역으로 기록.
FAC-072,DAEJEON_HANWHA,DAEJEON,HANWHA,대전 한화생명 볼파크,장애인화장실,1F,1루,1루 206~207,,공용/미상,실내,1루 206~207 인접,https://app.hanwhaeagles.co.kr/app/stadium,A,2026,2026-09-07,OFFICIAL_APPROXIMATE,OFFICIAL_APP_LAYER,블록은 이미지 핀 판독이므로 정확 경계 대신 인접 권역으로 기록.
FAC-073,DAEJEON_HANWHA,DAEJEON,HANWHA,대전 한화생명 볼파크,장애인화장실,1F,,홈플레이트 중앙 콘코스 2곳,,공용/미상,실내,홈플레이트 중앙 콘코스 2곳 인접,https://app.hanwhaeagles.co.kr/app/stadium,A,2026,2026-09-07,OFFICIAL_APPROXIMATE,OFFICIAL_APP_LAYER,블록은 이미지 핀 판독이므로 정확 경계 대신 인접 권역으로 기록.
FAC-074,DAEJEON_HANWHA,DAEJEON,HANWHA,대전 한화생명 볼파크,장애인화장실,2F,3루,3루 222~223,,공용/미상,실내,3루 222~223 인접,https://app.hanwhaeagles.co.kr/app/stadium,A,2026,2026-09-07,OFFICIAL_APPROXIMATE,OFFICIAL_APP_LAYER,블록은 이미지 핀 판독이므로 정확 경계 대신 인접 권역으로 기록.
FAC-075,DAEJEON_HANWHA,DAEJEON,HANWHA,대전 한화생명 볼파크,장애인화장실,2F,1루,1루 203~204,,공용/미상,실내,1루 203~204 인접,https://app.hanwhaeagles.co.kr/app/stadium,A,2026,2026-09-07,OFFICIAL_APPROXIMATE,OFFICIAL_APP_LAYER,블록은 이미지 핀 판독이므로 정확 경계 대신 인접 권역으로 기록.
FAC-076,DAEJEON_HANWHA,DAEJEON,HANWHA,대전 한화생명 볼파크,장애인화장실,2F,,하단 양측 2곳,,공용/미상,실내,하단 양측 2곳 인접,https://app.hanwhaeagles.co.kr/app/stadium,A,2026,2026-09-07,OFFICIAL_APPROXIMATE,OFFICIAL_APP_LAYER,블록은 이미지 핀 판독이므로 정확 경계 대신 인접 권역으로 기록.
FAC-077,DAEJEON_HANWHA,DAEJEON,HANWHA,대전 한화생명 볼파크,장애인화장실,3F,,하단 양측 2곳,,공용/미상,실내,하단 양측 2곳 인접,https://app.hanwhaeagles.co.kr/app/stadium,A,2026,2026-09-07,OFFICIAL_APPROXIMATE,OFFICIAL_APP_LAYER,블록은 이미지 핀 판독이므로 정확 경계 대신 인접 권역으로 기록.
FAC-078,DAEJEON_HANWHA,DAEJEON,HANWHA,대전 한화생명 볼파크,장애인화장실,4F,3루,3루 상단 426권역,,공용/미상,실내,3루 상단 426권역 인접,https://app.hanwhaeagles.co.kr/app/stadium,A,2026,2026-09-07,OFFICIAL_APPROXIMATE,OFFICIAL_APP_LAYER,블록은 이미지 핀 판독이므로 정확 경계 대신 인접 권역으로 기록.
FAC-079,DAEJEON_HANWHA,DAEJEON,HANWHA,대전 한화생명 볼파크,장애인화장실,4F,,하단 양측 2곳,,공용/미상,실내,하단 양측 2곳 인접,https://app.hanwhaeagles.co.kr/app/stadium,A,2026,2026-09-07,OFFICIAL_APPROXIMATE,OFFICIAL_APP_LAYER,블록은 이미지 핀 판독이므로 정확 경계 대신 인접 권역으로 기록.
FAC-080,DAEJEON_HANWHA,DAEJEON,HANWHA,대전 한화생명 볼파크,수유실,1F,외야,503~504·전광판 뒤 권역,,,실내,외야 중앙 503~504·전광판 뒤 권역,https://app.hanwhaeagles.co.kr/app/stadium,A,2026,2026-09-07,OFFICIAL_APPROXIMATE,OFFICIAL_APP_LAYER,기호가 겹쳐 보여 방 개수는 단정하지 않음.
FAC-081,DAEJEON_HANWHA,DAEJEON,HANWHA,대전 한화생명 볼파크,임산부휴게실,2F,3루,215~216,,,실내,3루 하단 콘코스 약 215~216 인접,https://app.hanwhaeagles.co.kr/app/stadium,A,2026,2026-09-07,OFFICIAL_APPROXIMATE,OFFICIAL_APP_LAYER,
FAC-082,DAEJEON_HANWHA,DAEJEON,HANWHA,대전 한화생명 볼파크,흡연구역,4F,3루,415~417 권역,,,외부,4F 415구역 바로 뒤~415~417 사이 외부/옥상 콘코스,https://blog.naver.com/gkfls71/224386754637,B,2025~2026,2026-09-07,FIELD_VERIFIED,MULTI_VISIT,복수 방문자료가 415 권역으로 수렴.
FAC-083,DAEJEON_HANWHA,DAEJEON,HANWHA,대전 한화생명 볼파크,흡연구역,1F,3루,,게이트 번호 미확정,,외부,3루 측 야외 GATE 바로 앞,https://blog.naver.com/PostView.naver?blogId=krystalday92&logNo=223851541471,C,2025,2026-09-07,RECHECK,VISIT,게이트 번호 미확정.
FAC-084,SUWON_KT,SUWON,KT,수원 KT 위즈파크,화장실,2F,3루,외야 잔디자유석 뒤,GATE 3-3,,외부,"3루 외야 GATE 3-3 바깥, 외야 잔디자유석 뒤",https://www.ktwiz.co.kr/wizpark/guide,A,2026,2026-09-07,CONFIRMED_OFFICIAL,OFFICIAL_MAP,공식 지도 표기: 옥외화장실.
FAC-085,SUWON_KT,SUWON,KT,수원 KT 위즈파크,화장실,2F,1루,티빙테이블 503~505·위즈캠핑존 경계,,,외부,1루 외야 티빙테이블 503~505와 위즈캠핑존 경계 계단 옆,https://www.ktwiz.co.kr/wizpark/guide,A,2026,2026-09-07,CONFIRMED_OFFICIAL,OFFICIAL_MAP,공식 지도 표기: 옥외화장실.
FAC-086,SUWON_KT,SUWON,KT,수원 KT 위즈파크,화장실,5F,1루,티빙테이블 501 위,GATE 1-2,,외부,"5F 외곽 계단 옆, 티빙테이블 501 위·GATE 1-2 방향",https://www.ktwiz.co.kr/wizpark/guide,A,2026,2026-09-07,CONFIRMED_OFFICIAL,OFFICIAL_MAP,공식 지도 표기: 옥외화장실.
FAC-087,SUWON_KT,SUWON,KT,수원 KT 위즈파크,흡연구역,2F,3루,외야 잔디자유석 뒤,GATE 3-3,,외부,3루 외야 GATE 3-3 바깥 옥외화장실 바로 옆,https://www.ktwiz.co.kr/wizpark/guide,A,2026,2026-09-07,CONFIRMED_OFFICIAL,OFFICIAL_MAP,
FAC-088,SUWON_KT,SUWON,KT,수원 KT 위즈파크,흡연구역,2F,1루,티빙테이블 505·위즈캠핑존 경계,,,외부,"티빙테이블 505–위즈캠핑존 경계, 옥외화장실 아래쪽",https://www.ktwiz.co.kr/wizpark/guide,A,2026,2026-09-07,CONFIRMED_OFFICIAL,OFFICIAL_MAP,
FAC-089,SUWON_KT,SUWON,KT,수원 KT 위즈파크,수유실,2F,,,,,,2층 중앙안내센터 앞,https://sooyusil.com/home/2.htm?searchKeyword=%EC%88%98%EC%9B%90KT#,C,,2026-09-07,RECHECK,EXTERNAL_FACILITY_DB,수유실 찾기 사이트 표기. 2026 공식 지도에서는 2F 수유실 미표기.
FAC-090,SUWON_KT,SUWON,KT,수원 KT 위즈파크,수유실,4F,,,,,,4층 엘리베이터 1호기 옆,https://sooyusil.com/home/2.htm?searchKeyword=%EC%88%98%EC%9B%90KT#,C,,2026-09-07,RECHECK,EXTERNAL_FACILITY_DB,수유실 찾기 사이트 표기. 2026 공식 지도에서는 4F 수유실 미표기.
FAC-091,SUWON_KT,SUWON,KT,수원 KT 위즈파크,수유실,5F,,스카이존 411·412 뒤편 / S 통로 쪽,,,,5층 스카이존 411·412 뒤편(수유실 찾기에는 관람석 S 통로 쪽으로 표기),https://www.ktwiz.co.kr/wizpark/guide,A,2026,2026-09-07,CONFIRMED_OFFICIAL,OFFICIAL_MAP,외부 시설 DB 보조 출처: https://sooyusil.com/home/2.htm?searchKeyword=%EC%88%98%EC%9B%90KT#
FAC-092,GWANGJU_KIA,GWANGJU,KIA,광주 KIA 챔피언스필드,수유실,3F,,112블록 뒤,,,실내,3F 112블록 뒤,https://tigers.co.kr/tigers/champions-field/stadium-guide,A,2026,2026-09-07,CONFIRMED_OFFICIAL,OFFICIAL_MAP,
FAC-093,GWANGJU_KIA,GWANGJU,KIA,광주 KIA 챔피언스필드,수유실,3F,,118블록 뒤,,,실내,3F 118블록 뒤,https://tigers.co.kr/tigers/champions-field/stadium-guide,A,2026,2026-09-07,CONFIRMED_OFFICIAL,OFFICIAL_MAP,
FAC-094,GWANGJU_KIA,GWANGJU,KIA,광주 KIA 챔피언스필드,수유실,5F,,,GATE 5,,실내,5F GATE 5 옆,https://tigers.co.kr/tigers/champions-field/stadium-guide,A,2026,2026-09-07,CONFIRMED_OFFICIAL,OFFICIAL_MAP,
FAC-095,GWANGJU_KIA,GWANGJU,KIA,광주 KIA 챔피언스필드,수유실,5F,,,GATE 13,,실내,5F GATE 13 옆,https://tigers.co.kr/tigers/champions-field/stadium-guide,A,2026,2026-09-07,CONFIRMED_OFFICIAL,OFFICIAL_MAP,
FAC-096,GWANGJU_KIA,GWANGJU,KIA,광주 KIA 챔피언스필드,흡연구역,5F,,535블록 뒤 외곽,GATE 5~6,,외부,"5F 535블록 뒤 외곽, GATE 5~6 사이에서 GATE 6 쪽",https://tigers.co.kr/tigers/champions-field/stadium-guide,A,2026,2026-09-07,CONFIRMED_OFFICIAL,OFFICIAL_MAP,
FAC-097,GWANGJU_KIA,GWANGJU,KIA,광주 KIA 챔피언스필드,흡연구역,5F,,501블록 뒤 외곽,GATE 1,,외부,"5F 501블록 뒤 외곽, GATE 1 인근",https://tigers.co.kr/tigers/champions-field/stadium-guide,A,2026,2026-09-07,CONFIRMED_OFFICIAL,OFFICIAL_MAP,
FAC-098,GWANGJU_KIA,GWANGJU,KIA,광주 KIA 챔피언스필드,화장실,3F,3루,K9/K8 진입로 인근,,남·여/미상,실내,"3루 홈 응원석, 3루 베이스 뒤편 통로 K9/K8석 진입로 인근",https://blog.naver.com/owy3843747/222538955658,C,,2026-09-07,RECHECK,VISIT_GUIDE,사용자 제공 보완자료. 최신 공식 지도에는 일반 화장실 핀이 없어 현재값 확정 전 재확인 권장.
FAC-099,GWANGJU_KIA,GWANGJU,KIA,광주 KIA 챔피언스필드,화장실,3F,1루,1루 베이스 뒤편~외야 연결 통로,,남·여/미상,실내,1루 원정 응원석 구역 통로,https://blog.naver.com/owy3843747/222538955658,C,,2026-09-07,RECHECK,VISIT_GUIDE,사용자 제공 보완자료. 최신 공식 지도에는 일반 화장실 핀이 없어 현재값 확정 전 재확인 권장.
FAC-100,GWANGJU_KIA,GWANGJU,KIA,광주 KIA 챔피언스필드,화장실,3F,외야,샌드파크·물품보관함·3매표소 인근,제3매표소,남·여/미상,실내,"외야석/전광판 권역, 샌드파크 및 외야 물품보관함·3매표소 옆 통로",https://blog.naver.com/ugna/223852248487,C,,2026-09-07,RECHECK,VISIT_GUIDE,사용자 제공 보완자료. 최신 공식 지도에는 일반 화장실 핀이 없어 현재값 확정 전 재확인 권장.
FAC-101,GWANGJU_KIA,GWANGJU,KIA,광주 KIA 챔피언스필드,화장실,4F,,스카이박스 복도,,남·여/미상,실내,스카이박스 이용객 복도 라인 화장실,https://blog.naver.com/owy3843747/222538955658,C,,2026-09-07,RECHECK,VISIT_GUIDE,사용자 제공 보완자료. 최신 공식 지도에는 일반 화장실 핀이 없어 현재값 확정 전 재확인 권장.
FAC-102,GWANGJU_KIA,GWANGJU,KIA,광주 KIA 챔피언스필드,화장실,5F,중앙,518~519구역,,남·여/미상,실내,홈플레이트 중앙 뒤 518~519구역 복도,https://m.blog.naver.com/83jaehun/224252393722,C,,2026-09-07,RECHECK,VISIT_GUIDE,사용자 제공 보완자료. 최신 공식 지도에는 일반 화장실 핀이 없어 현재값 확정 전 재확인 권장.
FAC-103,GWANGJU_KIA,GWANGJU,KIA,광주 KIA 챔피언스필드,화장실,5F,1루,501~506구역,,남·여/미상,실내,5층 1루 끝 501~506구역 방향 복도,https://m.blog.naver.com/83jaehun/224252393722,C,,2026-09-07,RECHECK,VISIT_GUIDE,사용자 제공 보완자료. 최신 공식 지도에는 일반 화장실 핀이 없어 현재값 확정 전 재확인 권장.
FAC-104,GWANGJU_KIA,GWANGJU,KIA,광주 KIA 챔피언스필드,화장실,5F,3루,530~535구역,,남·여/미상,실내,5층 3루 끝 530~535구역 방향 복도,https://m.blog.naver.com/83jaehun/224252393722,C,,2026-09-07,RECHECK,VISIT_GUIDE,사용자 제공 보완자료. 최신 공식 지도에는 일반 화장실 핀이 없어 현재값 확정 전 재확인 권장.
FAC-105,GWANGJU_KIA,GWANGJU,KIA,광주 KIA 챔피언스필드,화장실,외부,외야,,제3매표소,남·여/미상,외부,제3매표소(외야) 옆 외부 화장실,https://blog.naver.com/ugna/223852248487,C,,2026-09-07,RECHECK,VISIT_GUIDE,사용자 제공 보완자료. 최신 공식 지도에는 일반 화장실 핀이 없어 현재값 확정 전 재확인 권장.
FAC-106,GWANGJU_KIA,GWANGJU,KIA,광주 KIA 챔피언스필드,화장실,외부,1루,,제3출입구,남·여/미상,외부,제3출입구(1루 원정) 옆 외부 화장실,https://blog.naver.com/ugna/223852248487,C,,2026-09-07,RECHECK,VISIT_GUIDE,사용자 제공 보완자료. 최신 공식 지도에는 일반 화장실 핀이 없어 현재값 확정 전 재확인 권장.
FAC-107,GWANGJU_KIA,GWANGJU,KIA,광주 KIA 챔피언스필드,화장실,외부,3루,,제4출입구,남·여/미상,외부,제4출입구(3루 홈) 옆 외부 화장실,https://blog.naver.com/ugna/223852248487,C,,2026-09-07,RECHECK,VISIT_GUIDE,사용자 제공 보완자료. 최신 공식 지도에는 일반 화장실 핀이 없어 현재값 확정 전 재확인 권장.
FAC-108,DAEGU_SAMSUNG,DAEGU,SAMSUNG,대구 삼성 라이온즈파크,수유실,3F,,T3-1 뒤,,,실내,3F T3-1 뒤,https://www.samsunglions.com/intro/intro05_4.asp,A,2026,2026-09-07,CONFIRMED_OFFICIAL,OFFICIAL_GUIDE,
FAC-109,DAEGU_SAMSUNG,DAEGU,SAMSUNG,대구 삼성 라이온즈파크,수유실,3F,,T1-1 뒤,,,실내,3F T1-1 뒤,https://www.samsunglions.com/intro/intro05_4.asp,A,2026,2026-09-07,CONFIRMED_OFFICIAL,OFFICIAL_GUIDE,
FAC-110,DAEGU_SAMSUNG,DAEGU,SAMSUNG,대구 삼성 라이온즈파크,수유실,상부,,스카이석 09 출입구 앞,,,실내,스카이석 09 출입구 앞,https://www.samsunglions.com/intro/intro05_4.asp,A,2026,2026-09-07,CONFIRMED_OFFICIAL,OFFICIAL_GUIDE,
FAC-111,DAEGU_SAMSUNG,DAEGU,SAMSUNG,대구 삼성 라이온즈파크,흡연구역,외부,,,,,외부,외야 출입구 뒤 주차장 인근,https://www.samsunglions.com/intro/intro05_4.asp,A,2026,2026-09-07,CONFIRMED_OFFICIAL,OFFICIAL_GUIDE,공식 안내는 입장 후 전 구역 금연도 함께 명시.
FAC-112,DAEGU_SAMSUNG,DAEGU,SAMSUNG,대구 삼성 라이온즈파크,흡연구역,외부,,,,,외부,GATE 21 아래 매표소 뒤편,https://www.samsunglions.com/intro/intro05_4.asp,A,2026,2026-09-07,CONFIRMED_OFFICIAL,OFFICIAL_GUIDE,공식 안내는 입장 후 전 구역 금연도 함께 명시.
FAC-113,DAEGU_SAMSUNG,DAEGU,SAMSUNG,대구 삼성 라이온즈파크,흡연구역,외부,,,,,외부,팀스토어 맞은편,https://www.samsunglions.com/intro/intro05_4.asp,A,2026,2026-09-07,CONFIRMED_OFFICIAL,OFFICIAL_GUIDE,공식 안내는 입장 후 전 구역 금연도 함께 명시.
FAC-114,DAEGU_SAMSUNG,DAEGU,SAMSUNG,대구 삼성 라이온즈파크,흡연구역,외부,,,,,외부,전설로주차장 2F 옆,https://www.samsunglions.com/intro/intro05_4.asp,A,2026,2026-09-07,CONFIRMED_OFFICIAL,OFFICIAL_GUIDE,공식 안내는 입장 후 전 구역 금연도 함께 명시.
FAC-115,DAEGU_SAMSUNG,DAEGU,SAMSUNG,대구 삼성 라이온즈파크,화장실,3F,1루·3루,메인 콘코스,,남·여/미상,실내,3층 내야 메인 콘코스의 1루·3루 측 화장실,https://m.blog.naver.com/wltn3292/224227119388,C,,2026-09-07,RECHECK,VISIT_GUIDE,사용자 제공 최신 보완자료. 2016 공식 층별도는 사용자 요청에 따라 근거에서 제외.
FAC-116,DAEGU_SAMSUNG,DAEGU,SAMSUNG,대구 삼성 라이온즈파크,화장실,4F,1루·3루,스윗박스 층 콘코스,,남·여/미상,실내,4층 스윗박스 층 중앙 및 1·3루 끝 방향 화장실,https://m.blog.naver.com/wltn3292/224227119388,C,,2026-09-07,RECHECK,VISIT_GUIDE,사용자 제공 최신 보완자료. 2016 공식 층별도는 사용자 요청에 따라 근거에서 제외.
FAC-117,DAEGU_SAMSUNG,DAEGU,SAMSUNG,대구 삼성 라이온즈파크,화장실,5F,1루·3루,SKY석 콘코스,,남·여/미상,실내,5층 SKY석 복도 중앙 및 1·3루 끝 방향 화장실,https://m.blog.naver.com/wltn3292/224227119388,C,,2026-09-07,RECHECK,VISIT_GUIDE,사용자 제공 최신 보완자료. 2016 공식 층별도는 사용자 요청에 따라 근거에서 제외.
FAC-118,DAEGU_SAMSUNG,DAEGU,SAMSUNG,대구 삼성 라이온즈파크,화장실,외야,외야,전광판 아래·외야 진입 통로·잔디석/놀이터 인근,,남·여/미상,외부/인접,외야 전광판 아래 복도 및 진입 통로 주변 화장실,https://blog.naver.com/cyberokuk/220665355172?viewType=pc,C,,2026-09-07,RECHECK,VISIT_GUIDE,사용자 제공 최신 보완자료. 2016 공식 층별도는 사용자 요청에 따라 근거에서 제외.
FAC-119,DAEGU_SAMSUNG,DAEGU,SAMSUNG,대구 삼성 라이온즈파크,장애인화장실,3F,,,,남·여,실내,3F 남·녀 각각 3개소,https://smart.daegu.go.kr/vocRqs/pbl/view.do?cvlRqrNo=Y-R-20170503-000003&pageIndex=366&showItemListCount=10&srchType=&srchTxt=&orderByKey=&orderByType=,D,2017,2026-09-07,HISTORICAL_ONLY,PUBLIC_ADMIN_RECORD,운영 여부 최신 재확인 필요. 2016 층별도는 사용하지 않음.
FAC-120,DAEGU_SAMSUNG,DAEGU,SAMSUNG,대구 삼성 라이온즈파크,장애인화장실,4F,,,,남·여,실내,4F 남·녀 각각 1개소,https://smart.daegu.go.kr/vocRqs/pbl/view.do?cvlRqrNo=Y-R-20170503-000003&pageIndex=366&showItemListCount=10&srchType=&srchTxt=&orderByKey=&orderByType=,D,2017,2026-09-07,HISTORICAL_ONLY,PUBLIC_ADMIN_RECORD,운영 여부 최신 재확인 필요. 2016 층별도는 사용하지 않음.
FAC-121,BUSAN_SAJIK,SAJIK,LOTTE,부산 사직야구장,화장실,3F,중앙테이블,031A블록·031 GATE,,남,실내,031A블록·031 GATE,https://play.google.com/store/apps/details?hl=ko&id=com.giantsclub.gifan,A-,2026-04-22,2026-09-07,CONFIRMED_OFFICIAL,OFFICIAL_APP_DATA_MIRROR,공식 앱 패키지의 2026 구장안내 HTML 위치 문자열. 배포본 확보 경로가 제3자 미러라 A-.
FAC-122,BUSAN_SAJIK,SAJIK,LOTTE,부산 사직야구장,화장실,3F,중앙테이블,034블록·034 GATE,,남,실내,034블록·034 GATE,https://play.google.com/store/apps/details?hl=ko&id=com.giantsclub.gifan,A-,2026-04-22,2026-09-07,CONFIRMED_OFFICIAL,OFFICIAL_APP_DATA_MIRROR,공식 앱 패키지의 2026 구장안내 HTML 위치 문자열. 배포본 확보 경로가 제3자 미러라 A-.
FAC-123,BUSAN_SAJIK,SAJIK,LOTTE,부산 사직야구장,화장실,3F,중앙테이블,032블록·032 GATE 오른쪽,,여,실내,032블록·032 GATE 오른쪽,https://play.google.com/store/apps/details?hl=ko&id=com.giantsclub.gifan,A-,2026-04-22,2026-09-07,CONFIRMED_OFFICIAL,OFFICIAL_APP_DATA_MIRROR,공식 앱 패키지의 2026 구장안내 HTML 위치 문자열. 배포본 확보 경로가 제3자 미러라 A-.
FAC-124,BUSAN_SAJIK,SAJIK,LOTTE,부산 사직야구장,화장실,3F,중앙테이블,033블록·033 GATE,,여,실내,033블록·033 GATE,https://play.google.com/store/apps/details?hl=ko&id=com.giantsclub.gifan,A-,2026-04-22,2026-09-07,CONFIRMED_OFFICIAL,OFFICIAL_APP_DATA_MIRROR,공식 앱 패키지의 2026 구장안내 HTML 위치 문자열. 배포본 확보 경로가 제3자 미러라 A-.
FAC-125,BUSAN_SAJIK,SAJIK,LOTTE,부산 사직야구장,화장실,4F,중앙상단,052블록·041 GATE,,남,실내,052블록·041 GATE,https://play.google.com/store/apps/details?hl=ko&id=com.giantsclub.gifan,A-,2026-04-22,2026-09-07,CONFIRMED_OFFICIAL,OFFICIAL_APP_DATA_MIRROR,공식 앱 패키지의 2026 구장안내 HTML 위치 문자열. 배포본 확보 경로가 제3자 미러라 A-.
FAC-126,BUSAN_SAJIK,SAJIK,LOTTE,부산 사직야구장,화장실,4F,중앙상단,055블록·043 GATE,,남,실내,055블록·043 GATE,https://play.google.com/store/apps/details?hl=ko&id=com.giantsclub.gifan,A-,2026-04-22,2026-09-07,CONFIRMED_OFFICIAL,OFFICIAL_APP_DATA_MIRROR,공식 앱 패키지의 2026 구장안내 HTML 위치 문자열. 배포본 확보 경로가 제3자 미러라 A-.
FAC-127,BUSAN_SAJIK,SAJIK,LOTTE,부산 사직야구장,화장실,4F,중앙상단,056블록·044 GATE,,남,실내,056블록·044 GATE,https://play.google.com/store/apps/details?hl=ko&id=com.giantsclub.gifan,A-,2026-04-22,2026-09-07,CONFIRMED_OFFICIAL,OFFICIAL_APP_DATA_MIRROR,공식 앱 패키지의 2026 구장안내 HTML 위치 문자열. 배포본 확보 경로가 제3자 미러라 A-.
FAC-128,BUSAN_SAJIK,SAJIK,LOTTE,부산 사직야구장,화장실,4F,중앙상단,052블록·042 GATE,,여,실내,052블록·042 GATE,https://play.google.com/store/apps/details?hl=ko&id=com.giantsclub.gifan,A-,2026-04-22,2026-09-07,CONFIRMED_OFFICIAL,OFFICIAL_APP_DATA_MIRROR,공식 앱 패키지의 2026 구장안내 HTML 위치 문자열. 배포본 확보 경로가 제3자 미러라 A-.
FAC-129,BUSAN_SAJIK,SAJIK,LOTTE,부산 사직야구장,화장실,4F,중앙상단,056블록·044 GATE,,여,실내,056블록·044 GATE,https://play.google.com/store/apps/details?hl=ko&id=com.giantsclub.gifan,A-,2026-04-22,2026-09-07,CONFIRMED_OFFICIAL,OFFICIAL_APP_DATA_MIRROR,공식 앱 패키지의 2026 구장안내 HTML 위치 문자열. 배포본 확보 경로가 제3자 미러라 A-.
FAC-130,BUSAN_SAJIK,SAJIK,LOTTE,부산 사직야구장,화장실,2F,1루 내야,121블록·122 GATE,,남,실내,121블록·122 GATE,https://play.google.com/store/apps/details?hl=ko&id=com.giantsclub.gifan,A-,2026-04-22,2026-09-07,CONFIRMED_OFFICIAL,OFFICIAL_APP_DATA_MIRROR,공식 앱 패키지의 2026 구장안내 HTML 위치 문자열. 배포본 확보 경로가 제3자 미러라 A-.
FAC-131,BUSAN_SAJIK,SAJIK,LOTTE,부산 사직야구장,화장실,2F,1루 내야,123블록·123 GATE,,남,실내,123블록·123 GATE,https://play.google.com/store/apps/details?hl=ko&id=com.giantsclub.gifan,A-,2026-04-22,2026-09-07,CONFIRMED_OFFICIAL,OFFICIAL_APP_DATA_MIRROR,공식 앱 패키지의 2026 구장안내 HTML 위치 문자열. 배포본 확보 경로가 제3자 미러라 A-.
FAC-132,BUSAN_SAJIK,SAJIK,LOTTE,부산 사직야구장,화장실,2F,1루 내야,121블록·122 GATE,,여,실내,121블록·122 GATE,https://play.google.com/store/apps/details?hl=ko&id=com.giantsclub.gifan,A-,2026-04-22,2026-09-07,CONFIRMED_OFFICIAL,OFFICIAL_APP_DATA_MIRROR,공식 앱 패키지의 2026 구장안내 HTML 위치 문자열. 배포본 확보 경로가 제3자 미러라 A-.
FAC-133,BUSAN_SAJIK,SAJIK,LOTTE,부산 사직야구장,화장실,2F,1루 내야,122블록·123 GATE,,여,실내,122블록·123 GATE,https://play.google.com/store/apps/details?hl=ko&id=com.giantsclub.gifan,A-,2026-04-22,2026-09-07,CONFIRMED_OFFICIAL,OFFICIAL_APP_DATA_MIRROR,공식 앱 패키지의 2026 구장안내 HTML 위치 문자열. 배포본 확보 경로가 제3자 미러라 A-.
FAC-134,BUSAN_SAJIK,SAJIK,LOTTE,부산 사직야구장,화장실,2F,1루 내야,124블록·124 GATE,,여,실내,124블록·124 GATE,https://play.google.com/store/apps/details?hl=ko&id=com.giantsclub.gifan,A-,2026-04-22,2026-09-07,CONFIRMED_OFFICIAL,OFFICIAL_APP_DATA_MIRROR,공식 앱 패키지의 2026 구장안내 HTML 위치 문자열. 배포본 확보 경로가 제3자 미러라 A-.
FAC-135,BUSAN_SAJIK,SAJIK,LOTTE,부산 사직야구장,화장실,2F,1루 외야,924블록·923 GATE,,남,실내,924블록·923 GATE,https://play.google.com/store/apps/details?hl=ko&id=com.giantsclub.gifan,A-,2026-04-22,2026-09-07,CONFIRMED_OFFICIAL,OFFICIAL_APP_DATA_MIRROR,공식 앱 패키지의 2026 구장안내 HTML 위치 문자열. 배포본 확보 경로가 제3자 미러라 A-.
FAC-136,BUSAN_SAJIK,SAJIK,LOTTE,부산 사직야구장,화장실,2F,1루 외야,127블록·921~922 GATE 사이,,남,실내,127블록·921~922 GATE 사이,https://play.google.com/store/apps/details?hl=ko&id=com.giantsclub.gifan,A-,2026-04-22,2026-09-07,CONFIRMED_OFFICIAL,OFFICIAL_APP_DATA_MIRROR,공식 앱 패키지의 2026 구장안내 HTML 위치 문자열. 배포본 확보 경로가 제3자 미러라 A-.
FAC-137,BUSAN_SAJIK,SAJIK,LOTTE,부산 사직야구장,화장실,2F,1루 외야,925블록·924 GATE,,여,실내,925블록·924 GATE,https://play.google.com/store/apps/details?hl=ko&id=com.giantsclub.gifan,A-,2026-04-22,2026-09-07,CONFIRMED_OFFICIAL,OFFICIAL_APP_DATA_MIRROR,공식 앱 패키지의 2026 구장안내 HTML 위치 문자열. 배포본 확보 경로가 제3자 미러라 A-.
FAC-138,BUSAN_SAJIK,SAJIK,LOTTE,부산 사직야구장,화장실,2F,1루 외야,922블록·922 GATE,,여,실내,922블록·922 GATE,https://play.google.com/store/apps/details?hl=ko&id=com.giantsclub.gifan,A-,2026-04-22,2026-09-07,CONFIRMED_OFFICIAL,OFFICIAL_APP_DATA_MIRROR,공식 앱 패키지의 2026 구장안내 HTML 위치 문자열. 배포본 확보 경로가 제3자 미러라 A-.
FAC-139,BUSAN_SAJIK,SAJIK,LOTTE,부산 사직야구장,화장실,2F,1루 외야,921블록·921~922 GATE 사이,,여,실내,921블록·921~922 GATE 사이,https://play.google.com/store/apps/details?hl=ko&id=com.giantsclub.gifan,A-,2026-04-22,2026-09-07,CONFIRMED_OFFICIAL,OFFICIAL_APP_DATA_MIRROR,공식 앱 패키지의 2026 구장안내 HTML 위치 문자열. 배포본 확보 경로가 제3자 미러라 A-.
FAC-140,BUSAN_SAJIK,SAJIK,LOTTE,부산 사직야구장,화장실,2F,3루 내야,322블록·322~323 GATE 사이,,남,실내,322블록·322~323 GATE 사이,https://play.google.com/store/apps/details?hl=ko&id=com.giantsclub.gifan,A-,2026-04-22,2026-09-07,CONFIRMED_OFFICIAL,OFFICIAL_APP_DATA_MIRROR,공식 앱 패키지의 2026 구장안내 HTML 위치 문자열. 배포본 확보 경로가 제3자 미러라 A-.
FAC-141,BUSAN_SAJIK,SAJIK,LOTTE,부산 사직야구장,화장실,2F,3루 내야,321블록·321 GATE,,남,실내,321블록·321 GATE,https://play.google.com/store/apps/details?hl=ko&id=com.giantsclub.gifan,A-,2026-04-22,2026-09-07,CONFIRMED_OFFICIAL,OFFICIAL_APP_DATA_MIRROR,공식 앱 패키지의 2026 구장안내 HTML 위치 문자열. 배포본 확보 경로가 제3자 미러라 A-.
FAC-142,BUSAN_SAJIK,SAJIK,LOTTE,부산 사직야구장,화장실,2F,3루 내야,327블록·327~721 GATE 사이,,남,실내,327블록·327~721 GATE 사이,https://play.google.com/store/apps/details?hl=ko&id=com.giantsclub.gifan,A-,2026-04-22,2026-09-07,CONFIRMED_OFFICIAL,OFFICIAL_APP_DATA_MIRROR,공식 앱 패키지의 2026 구장안내 HTML 위치 문자열. 배포본 확보 경로가 제3자 미러라 A-.
FAC-143,BUSAN_SAJIK,SAJIK,LOTTE,부산 사직야구장,화장실,2F,3루 내야,324블록·324 GATE,,여,실내,324블록·324 GATE,https://play.google.com/store/apps/details?hl=ko&id=com.giantsclub.gifan,A-,2026-04-22,2026-09-07,CONFIRMED_OFFICIAL,OFFICIAL_APP_DATA_MIRROR,공식 앱 패키지의 2026 구장안내 HTML 위치 문자열. 배포본 확보 경로가 제3자 미러라 A-.
FAC-144,BUSAN_SAJIK,SAJIK,LOTTE,부산 사직야구장,화장실,2F,3루 내야,323블록·322~323 GATE 사이,,여,실내,323블록·322~323 GATE 사이,https://play.google.com/store/apps/details?hl=ko&id=com.giantsclub.gifan,A-,2026-04-22,2026-09-07,CONFIRMED_OFFICIAL,OFFICIAL_APP_DATA_MIRROR,공식 앱 패키지의 2026 구장안내 HTML 위치 문자열. 배포본 확보 경로가 제3자 미러라 A-.
FAC-145,BUSAN_SAJIK,SAJIK,LOTTE,부산 사직야구장,화장실,2F,3루 내야,321블록·322 GATE,,여,실내,321블록·322 GATE,https://play.google.com/store/apps/details?hl=ko&id=com.giantsclub.gifan,A-,2026-04-22,2026-09-07,CONFIRMED_OFFICIAL,OFFICIAL_APP_DATA_MIRROR,공식 앱 패키지의 2026 구장안내 HTML 위치 문자열. 배포본 확보 경로가 제3자 미러라 A-.
FAC-146,BUSAN_SAJIK,SAJIK,LOTTE,부산 사직야구장,화장실,2F,3루 외야,723블록·723 GATE,,남,실내,723블록·723 GATE,https://play.google.com/store/apps/details?hl=ko&id=com.giantsclub.gifan,A-,2026-04-22,2026-09-07,CONFIRMED_OFFICIAL,OFFICIAL_APP_DATA_MIRROR,공식 앱 패키지의 2026 구장안내 HTML 위치 문자열. 배포본 확보 경로가 제3자 미러라 A-.
FAC-147,BUSAN_SAJIK,SAJIK,LOTTE,부산 사직야구장,화장실,2F,3루 외야,724블록·724 GATE,,여,실내,724블록·724 GATE,https://play.google.com/store/apps/details?hl=ko&id=com.giantsclub.gifan,A-,2026-04-22,2026-09-07,CONFIRMED_OFFICIAL,OFFICIAL_APP_DATA_MIRROR,공식 앱 패키지의 2026 구장안내 HTML 위치 문자열. 배포본 확보 경로가 제3자 미러라 A-.
FAC-148,BUSAN_SAJIK,SAJIK,LOTTE,부산 사직야구장,화장실,2F,3루 외야,721블록·721~722 GATE 사이,,여,실내,721블록·721~722 GATE 사이,https://play.google.com/store/apps/details?hl=ko&id=com.giantsclub.gifan,A-,2026-04-22,2026-09-07,CONFIRMED_OFFICIAL,OFFICIAL_APP_DATA_MIRROR,공식 앱 패키지의 2026 구장안내 HTML 위치 문자열. 배포본 확보 경로가 제3자 미러라 A-.
FAC-149,BUSAN_SAJIK,SAJIK,LOTTE,부산 사직야구장,수유실,2F,1루 내야,"126블록, 125~126 GATE 사이",,,실내,"126블록, 125~126 GATE 사이",https://play.google.com/store/apps/details?hl=ko&id=com.giantsclub.gifan,A-,2026-04-22,2026-09-07,CONFIRMED_OFFICIAL,OFFICIAL_APP_DATA_MIRROR,
FAC-150,BUSAN_SAJIK,SAJIK,LOTTE,부산 사직야구장,수유실,2F,3루 내야,메디힐존 331블록·034 GATE,,,실내,메디힐존 331블록·034 GATE,https://play.google.com/store/apps/details?hl=ko&id=com.giantsclub.gifan,A-,2026-04-22,2026-09-07,CONFIRMED_OFFICIAL,OFFICIAL_APP_DATA_MIRROR,번호 조합이 이례적이므로 현장 표지 대조 권장
FAC-151,BUSAN_SAJIK,SAJIK,LOTTE,부산 사직야구장,흡연구역,외부,3루,3루 측 상단 좌석 뒤 외곽,,,외부,흡연부스 이전 안내 이미지상 현 위치: 3루 측 상단 좌석 뒤편 외곽,,B,2025-04-05(추정),2026-09-07,FIELD_VERIFIED,USER_PROVIDED_NOTICE_IMAGE,사용자 제공 이전 안내 이미지. 4/5(토)부터 이전 안내. 정확한 블록 번호는 이미지에서 판독 불가. 기존 외야 양쪽 위치 2곳은 이전 위치로 표시.
FAC-152,GOCHEOK,GOCHEOK,KIWOOM,고척스카이돔,화장실,내야 2F,,통로 12,,,실내,통로 12,https://heroesbaseball.co.kr/mobile/heroes/stadium/skydome.do,A,2026-03-19,2026-09-07,CONFIRMED_OFFICIAL,OFFICIAL_MAP,
FAC-153,GOCHEOK,GOCHEOK,KIWOOM,고척스카이돔,화장실,내야 2F,,통로 10~11 사이,,,실내,통로 10~11 사이,https://heroesbaseball.co.kr/mobile/heroes/stadium/skydome.do,A,2026-03-19,2026-09-07,CONFIRMED_OFFICIAL,OFFICIAL_MAP,
FAC-154,GOCHEOK,GOCHEOK,KIWOOM,고척스카이돔,화장실,내야 2F,,통로 8~9 사이,,,실내,통로 8~9 사이,https://heroesbaseball.co.kr/mobile/heroes/stadium/skydome.do,A,2026-03-19,2026-09-07,CONFIRMED_OFFICIAL,OFFICIAL_MAP,
FAC-155,GOCHEOK,GOCHEOK,KIWOOM,고척스카이돔,화장실,내야 2F,,통로 4~5 사이,,,실내,통로 4~5 사이,https://heroesbaseball.co.kr/mobile/heroes/stadium/skydome.do,A,2026-03-19,2026-09-07,CONFIRMED_OFFICIAL,OFFICIAL_MAP,
FAC-156,GOCHEOK,GOCHEOK,KIWOOM,고척스카이돔,화장실,내야 2F,,통로 2~3 사이,,,실내,통로 2~3 사이,https://heroesbaseball.co.kr/mobile/heroes/stadium/skydome.do,A,2026-03-19,2026-09-07,CONFIRMED_OFFICIAL,OFFICIAL_MAP,
FAC-157,GOCHEOK,GOCHEOK,KIWOOM,고척스카이돔,화장실,내야 2F,,통로 1 인접,,,실내,통로 1 인접,https://heroesbaseball.co.kr/mobile/heroes/stadium/skydome.do,A,2026-03-19,2026-09-07,CONFIRMED_OFFICIAL,OFFICIAL_MAP,
FAC-158,GOCHEOK,GOCHEOK,KIWOOM,고척스카이돔,화장실,내야 4F,3루,3루 통로 32 끝,,,실내,3루 통로 32 끝,https://heroesbaseball.co.kr/mobile/heroes/stadium/skydome.do,A,2026-03-19,2026-09-07,CONFIRMED_OFFICIAL,OFFICIAL_MAP,
FAC-159,GOCHEOK,GOCHEOK,KIWOOM,고척스카이돔,화장실,내야 4F,3루,3루 통로 31~32 사이,,,실내,3루 통로 31~32 사이,https://heroesbaseball.co.kr/mobile/heroes/stadium/skydome.do,A,2026-03-19,2026-09-07,CONFIRMED_OFFICIAL,OFFICIAL_MAP,
FAC-160,GOCHEOK,GOCHEOK,KIWOOM,고척스카이돔,화장실,내야 4F,3루,3루 통로 30~31 사이,,,실내,3루 통로 30~31 사이,https://heroesbaseball.co.kr/mobile/heroes/stadium/skydome.do,A,2026-03-19,2026-09-07,CONFIRMED_OFFICIAL,OFFICIAL_MAP,
FAC-161,GOCHEOK,GOCHEOK,KIWOOM,고척스카이돔,화장실,내야 4F,3루,3루 통로 29~30 사이,,,실내,3루 통로 29~30 사이,https://heroesbaseball.co.kr/mobile/heroes/stadium/skydome.do,A,2026-03-19,2026-09-07,CONFIRMED_OFFICIAL,OFFICIAL_MAP,
FAC-162,GOCHEOK,GOCHEOK,KIWOOM,고척스카이돔,화장실,내야 4F,,중앙 통로 27~28 사이,,,실내,중앙 통로 27~28 사이,https://heroesbaseball.co.kr/mobile/heroes/stadium/skydome.do,A,2026-03-19,2026-09-07,CONFIRMED_OFFICIAL,OFFICIAL_MAP,
FAC-163,GOCHEOK,GOCHEOK,KIWOOM,고척스카이돔,화장실,내야 4F,,중앙 통로 25~26 사이,,,실내,중앙 통로 25~26 사이,https://heroesbaseball.co.kr/mobile/heroes/stadium/skydome.do,A,2026-03-19,2026-09-07,CONFIRMED_OFFICIAL,OFFICIAL_MAP,
FAC-164,GOCHEOK,GOCHEOK,KIWOOM,고척스카이돔,화장실,내야 4F,1루,1루 통로 23~24 사이,,,실내,1루 통로 23~24 사이,https://heroesbaseball.co.kr/mobile/heroes/stadium/skydome.do,A,2026-03-19,2026-09-07,CONFIRMED_OFFICIAL,OFFICIAL_MAP,
FAC-165,GOCHEOK,GOCHEOK,KIWOOM,고척스카이돔,화장실,내야 4F,1루,1루 통로 22~23 사이,,,실내,1루 통로 22~23 사이,https://heroesbaseball.co.kr/mobile/heroes/stadium/skydome.do,A,2026-03-19,2026-09-07,CONFIRMED_OFFICIAL,OFFICIAL_MAP,
FAC-166,GOCHEOK,GOCHEOK,KIWOOM,고척스카이돔,화장실,내야 4F,1루,1루 통로 21~22 사이,,,실내,1루 통로 21~22 사이,https://heroesbaseball.co.kr/mobile/heroes/stadium/skydome.do,A,2026-03-19,2026-09-07,CONFIRMED_OFFICIAL,OFFICIAL_MAP,
FAC-167,GOCHEOK,GOCHEOK,KIWOOM,고척스카이돔,화장실,내야 4F,1루,1루 통로 21 끝,,,실내,1루 통로 21 끝,https://heroesbaseball.co.kr/mobile/heroes/stadium/skydome.do,A,2026-03-19,2026-09-07,CONFIRMED_OFFICIAL,OFFICIAL_MAP,
FAC-168,GOCHEOK,GOCHEOK,KIWOOM,고척스카이돔,화장실,외야 3F,외야,외야 3F 1~2 통로 사이,,남,실내,외야 3F 1~2 통로 사이,https://heroesbaseball.co.kr/mobile/heroes/stadium/skydome.do,A,2026-03-19,2026-09-07,CONFIRMED_OFFICIAL,OFFICIAL_MAP,
FAC-169,GOCHEOK,GOCHEOK,KIWOOM,고척스카이돔,화장실,외야 3F,외야,외야 3F 3~4 통로 사이,,남,실내,외야 3F 3~4 통로 사이,https://heroesbaseball.co.kr/mobile/heroes/stadium/skydome.do,A,2026-03-19,2026-09-07,CONFIRMED_OFFICIAL,OFFICIAL_MAP,
FAC-170,GOCHEOK,GOCHEOK,KIWOOM,고척스카이돔,화장실,외야 3F,외야,외야 3F 통로 2 인접,,여,실내,외야 3F 통로 2 인접,https://heroesbaseball.co.kr/mobile/heroes/stadium/skydome.do,A,2026-03-19,2026-09-07,CONFIRMED_OFFICIAL,OFFICIAL_MAP,
FAC-171,GOCHEOK,GOCHEOK,KIWOOM,고척스카이돔,화장실,외야 3F,외야,외야 3F 통로 3 인접,,여,실내,외야 3F 통로 3 인접,https://heroesbaseball.co.kr/mobile/heroes/stadium/skydome.do,A,2026-03-19,2026-09-07,CONFIRMED_OFFICIAL,OFFICIAL_MAP,
FAC-172,GOCHEOK,GOCHEOK,KIWOOM,고척스카이돔,화장실,외야 4F,외야,외야 4F 22~23 통로 사이,,여,실내,외야 4F 22~23 통로 사이,https://heroesbaseball.co.kr/mobile/heroes/stadium/skydome.do,A,2026-03-19,2026-09-07,CONFIRMED_OFFICIAL,OFFICIAL_MAP,
FAC-173,GOCHEOK,GOCHEOK,KIWOOM,고척스카이돔,화장실,외야 4F,외야,외야 4F 23~24 통로 사이,,남,실내,외야 4F 23~24 통로 사이,https://heroesbaseball.co.kr/mobile/heroes/stadium/skydome.do,A,2026-03-19,2026-09-07,CONFIRMED_OFFICIAL,OFFICIAL_MAP,
FAC-174,GOCHEOK,GOCHEOK,KIWOOM,고척스카이돔,화장실,외야 4F,외야,외야 4F 24~25 통로 사이,,여,실내,외야 4F 24~25 통로 사이,https://heroesbaseball.co.kr/mobile/heroes/stadium/skydome.do,A,2026-03-19,2026-09-07,CONFIRMED_OFFICIAL,OFFICIAL_MAP,
FAC-175,GOCHEOK,GOCHEOK,KIWOOM,고척스카이돔,수유실,2F,,,,,실내,2F 아기쉼터,https://www.sisul.or.kr/open_content/skydome/introduce/facility.jsp,A,2026,2026-09-07,CONFIRMED_OFFICIAL,OFFICIAL_FACILITY_PAGE,
FAC-176,GOCHEOK,GOCHEOK,KIWOOM,고척스카이돔,수유실,3F,,,,,실내,3F 아기쉼터,https://www.sisul.or.kr/open_content/skydome/introduce/facility.jsp,A,2026,2026-09-07,CONFIRMED_OFFICIAL,OFFICIAL_FACILITY_PAGE,
FAC-177,GOCHEOK,GOCHEOK,KIWOOM,고척스카이돔,흡연구역,외부,,,,,,"외부 흡연부스 총 5곳(공식 수량 확인, 전수 위치 미공개)",https://www.sisul.or.kr/open_content/skydome/bbs/bbsMsgDetail.do?bcd=faq&msg_seq=265,A,2026,2026-09-07,CONFIRMED_OFFICIAL,OFFICIAL_FAQ,정확한 5개 위치 좌표는 공식 FAQ에 미기재.
FAC-178,GOCHEOK,GOCHEOK,KIWOOM,고척스카이돔,흡연구역,외부,1루,,1루 내야 B GATE,,외부,통로 21 → 계단 하강 → 1루 내야 B GATE 밖 → 왼쪽 약 40m,https://myseatcheck.com/gocheok-401-smoking/,B,2026,2026-09-07,FIELD_VERIFIED,RECENT_SEAT_GUIDE,401구역 기준 상세 동선.
FAC-179,SEOUL_JAMSIL,JAMSIL,"LG,DOOSAN",서울 잠실야구장,화장실,1F,,A03·331 쪽,,,실내,A03·331 쪽 인접,https://www.doosanbears.com/bears/stadium,A,2026,2026-09-07,OFFICIAL_APPROXIMATE,OFFICIAL_MAP,공식 층별 지도 핀 인접 권역.
FAC-180,SEOUL_JAMSIL,JAMSIL,"LG,DOOSAN",서울 잠실야구장,화장실,1F,,420~421·A26 쪽,,,실내,420~421·A26 쪽 인접,https://www.doosanbears.com/bears/stadium,A,2026,2026-09-07,OFFICIAL_APPROXIMATE,OFFICIAL_MAP,공식 층별 지도 핀 인접 권역.
FAC-181,SEOUL_JAMSIL,JAMSIL,"LG,DOOSAN",서울 잠실야구장,화장실,1F,,414~415 뒤,,,실내,414~415 뒤 인접,https://www.doosanbears.com/bears/stadium,A,2026,2026-09-07,OFFICIAL_APPROXIMATE,OFFICIAL_MAP,공식 층별 지도 핀 인접 권역.
FAC-182,SEOUL_JAMSIL,JAMSIL,"LG,DOOSAN",서울 잠실야구장,화장실,1F,,408~409 뒤,,,실내,408~409 뒤 인접,https://www.doosanbears.com/bears/stadium,A,2026,2026-09-07,OFFICIAL_APPROXIMATE,OFFICIAL_MAP,공식 층별 지도 핀 인접 권역.
FAC-183,SEOUL_JAMSIL,JAMSIL,"LG,DOOSAN",서울 잠실야구장,화장실,1F,,402~403·A16 쪽,,,실내,402~403·A16 쪽 인접,https://www.doosanbears.com/bears/stadium,A,2026,2026-09-07,OFFICIAL_APPROXIMATE,OFFICIAL_MAP,공식 층별 지도 핀 인접 권역.
FAC-184,SEOUL_JAMSIL,JAMSIL,"LG,DOOSAN",서울 잠실야구장,화장실,1F,,A13·304 쪽,,,실내,A13·304 쪽 인접,https://www.doosanbears.com/bears/stadium,A,2026,2026-09-07,OFFICIAL_APPROXIMATE,OFFICIAL_MAP,공식 층별 지도 핀 인접 권역.
FAC-185,SEOUL_JAMSIL,JAMSIL,"LG,DOOSAN",서울 잠실야구장,화장실,2F,,B02~B03,,,실내,B02~B03 인접,https://www.doosanbears.com/bears/stadium,A,2026,2026-09-07,OFFICIAL_APPROXIMATE,OFFICIAL_MAP,공식 층별 지도 핀 인접 권역.
FAC-186,SEOUL_JAMSIL,JAMSIL,"LG,DOOSAN",서울 잠실야구장,화장실,2F,,B10,,,실내,B10 인접,https://www.doosanbears.com/bears/stadium,A,2026,2026-09-07,OFFICIAL_APPROXIMATE,OFFICIAL_MAP,공식 층별 지도 핀 인접 권역.
FAC-187,SEOUL_JAMSIL,JAMSIL,"LG,DOOSAN",서울 잠실야구장,화장실,2F,,B14~B15,,,실내,B14~B15 인접,https://www.doosanbears.com/bears/stadium,A,2026,2026-09-07,OFFICIAL_APPROXIMATE,OFFICIAL_MAP,공식 층별 지도 핀 인접 권역.
FAC-188,SEOUL_JAMSIL,JAMSIL,"LG,DOOSAN",서울 잠실야구장,화장실,2F,,B17~B18,,,실내,B17~B18 인접,https://www.doosanbears.com/bears/stadium,A,2026,2026-09-07,OFFICIAL_APPROXIMATE,OFFICIAL_MAP,공식 층별 지도 핀 인접 권역.
FAC-189,SEOUL_JAMSIL,JAMSIL,"LG,DOOSAN",서울 잠실야구장,화장실,2F,,B22,,,실내,B22 인접,https://www.doosanbears.com/bears/stadium,A,2026,2026-09-07,OFFICIAL_APPROXIMATE,OFFICIAL_MAP,공식 층별 지도 핀 인접 권역.
FAC-190,SEOUL_JAMSIL,JAMSIL,"LG,DOOSAN",서울 잠실야구장,화장실,2F,,B35~B36,,,실내,B35~B36 인접,https://www.doosanbears.com/bears/stadium,A,2026,2026-09-07,OFFICIAL_APPROXIMATE,OFFICIAL_MAP,공식 층별 지도 핀 인접 권역.
FAC-191,SEOUL_JAMSIL,JAMSIL,"LG,DOOSAN",서울 잠실야구장,화장실,3·4F,,D01~D03,,,실내,D01~D03 인접,https://www.doosanbears.com/bears/stadium,A,2026,2026-09-07,OFFICIAL_APPROXIMATE,OFFICIAL_MAP,공식 층별 지도 핀 인접 권역.
FAC-192,SEOUL_JAMSIL,JAMSIL,"LG,DOOSAN",서울 잠실야구장,화장실,3·4F,,D04~D05,,,실내,D04~D05 인접,https://www.doosanbears.com/bears/stadium,A,2026,2026-09-07,OFFICIAL_APPROXIMATE,OFFICIAL_MAP,공식 층별 지도 핀 인접 권역.
FAC-193,SEOUL_JAMSIL,JAMSIL,"LG,DOOSAN",서울 잠실야구장,화장실,3·4F,,D06~D07,,,실내,D06~D07 인접,https://www.doosanbears.com/bears/stadium,A,2026,2026-09-07,OFFICIAL_APPROXIMATE,OFFICIAL_MAP,공식 층별 지도 핀 인접 권역.
FAC-194,SEOUL_JAMSIL,JAMSIL,"LG,DOOSAN",서울 잠실야구장,화장실,3·4F,,D08~D09,,,실내,D08~D09 인접,https://www.doosanbears.com/bears/stadium,A,2026,2026-09-07,OFFICIAL_APPROXIMATE,OFFICIAL_MAP,공식 층별 지도 핀 인접 권역.
FAC-195,SEOUL_JAMSIL,JAMSIL,"LG,DOOSAN",서울 잠실야구장,화장실,3·4F,,D10~D12,,,실내,D10~D12 인접,https://www.doosanbears.com/bears/stadium,A,2026,2026-09-07,OFFICIAL_APPROXIMATE,OFFICIAL_MAP,공식 층별 지도 핀 인접 권역.
FAC-196,SEOUL_JAMSIL,JAMSIL,"LG,DOOSAN",서울 잠실야구장,수유실,미상,1루,식음시설 구역,,,실내,"1루 측 식음시설 구역 안쪽, Watpang 옆(사용자 제공 이미지)",,C,,2026-09-07,RECHECK,USER_PROVIDED_VISIT_IMAGE,공식 지도에는 수유실 범례는 있으나 실제 핀 누락. 이미지 기반 후보 위치.
FAC-197,SEOUL_JAMSIL,JAMSIL,"LG,DOOSAN",서울 잠실야구장,흡연구역,외부,1루,,1루 측 출입문,,외부,1루 측 경기장 출입문 외부 흡연부스,,C,,2026-09-07,RECHECK,USER_PROVIDED_VISIT_IMAGE,사용자 제공 방문 이미지. 1루·3루 외부에 각각 1곳이라는 설명. 2026 게시물 여부는 별도 확인 필요.
FAC-198,SEOUL_JAMSIL,JAMSIL,"LG,DOOSAN",서울 잠실야구장,흡연구역,외부,3루,,3루 측 출입문,,외부,3루 측 경기장 출입문 외부 흡연부스,,C,,2026-09-07,RECHECK,USER_PROVIDED_VISIT_IMAGE,사용자 제공 방문 이미지. 1루·3루 외부에 각각 1곳이라는 설명. 2026 게시물 여부는 별도 확인 필요.
FAC-199,CHANGWON_NC,CHANGWON,NC,창원 NC파크,화장실,1F,,복도 및 주요 게이트 인근,,,실내,1F 복도와 주요 게이트 인근에 분산 배치,,C,,2026-09-07,RECHECK,USER_CONSOLIDATED_CURRENT_GUIDE,프로젝트용 위치 설명 수준으로 채택. 정확 좌표/블록은 미확정.
FAC-200,CHANGWON_NC,CHANGWON,NC,창원 NC파크,화장실,2F,,복도 및 주요 게이트 인근,,,실내,2F 복도와 주요 게이트 인근에 분산 배치,,C,,2026-09-07,RECHECK,USER_CONSOLIDATED_CURRENT_GUIDE,프로젝트용 위치 설명 수준으로 채택. 정확 좌표/블록은 미확정.
FAC-201,CHANGWON_NC,CHANGWON,NC,창원 NC파크,화장실,3F,,복도 및 주요 게이트 인근,,,실내,3F 복도와 주요 게이트 인근에 분산 배치,,C,,2026-09-07,RECHECK,USER_CONSOLIDATED_CURRENT_GUIDE,프로젝트용 위치 설명 수준으로 채택. 정확 좌표/블록은 미확정.
FAC-202,CHANGWON_NC,CHANGWON,NC,창원 NC파크,화장실,4F,,복도 및 주요 게이트 인근,,,실내,4F 복도와 주요 게이트 인근에 분산 배치,,C,,2026-09-07,RECHECK,USER_CONSOLIDATED_CURRENT_GUIDE,프로젝트용 위치 설명 수준으로 채택. 정확 좌표/블록은 미확정.
FAC-203,CHANGWON_NC,CHANGWON,NC,창원 NC파크,수유실,1F,,화장실 옆,,,실내,1층 화장실 옆,https://sooyusil.com/home/2.htm?searchKeyword=%EC%95%BC%EA%B5%AC&searchRange=nursingRoom#,C,,2026-09-07,FIELD_VERIFIED,EXTERNAL_FACILITY_DB,현재 수유실 찾기 검색 결과 기반. 3F·4F는 현행 데이터에서 제외.
FAC-204,CHANGWON_NC,CHANGWON,NC,창원 NC파크,수유실,2F,,화장실 옆,,,실내,2층 화장실 옆,https://sooyusil.com/home/2.htm?searchKeyword=%EC%95%BC%EA%B5%AC&searchRange=nursingRoom#,C,,2026-09-07,FIELD_VERIFIED,EXTERNAL_FACILITY_DB,현재 수유실 찾기 검색 결과 기반. 3F·4F는 현행 데이터에서 제외.
FAC-205,CHANGWON_NC,CHANGWON,NC,창원 NC파크,흡연구역,1F,3루,115~116 테이블석 뒤편 / 음식점·에스컬레이터 인근,GATE 4,,외부,"1층 메인 콘코스 중앙, 115~116 테이블석 뒤편 음식점·에스컬레이터 인근 계단을 내려가 4게이트 외부",,C+,,2026-09-07,FIELD_VERIFIED,MULTI_USER_REPORT,복수 이용자 설명이 4게이트 외부로 수렴. 1루 측 별도 흡연구역은 현행 데이터에서 '없음'으로 처리(사용자 결정).
FAC-MANUAL-001,GOCHEOK,GOCHEOK,KIWOOM,고척스카이돔,장애인화장실,2F,,내야,,남,실내,2층 내야 장애인화장실 남 8칸,,,2026,2026-09-03,CONFIRMED,OFFICIAL,"구장정보.xlsx Facilities 시트(S038, ACCESSIBILITY 행)에서 이관 — 신규 205건 자료엔 고척 장애인화장실 항목이 없어서 수기 보충"
FAC-MANUAL-002,GOCHEOK,GOCHEOK,KIWOOM,고척스카이돔,장애인화장실,2F,,내야,,여,실내,2층 내야 장애인화장실 여 8칸,,,2026,2026-09-03,CONFIRMED,OFFICIAL,"구장정보.xlsx Facilities 시트(S038, ACCESSIBILITY 행)에서 이관 — 신규 205건 자료엔 고척 장애인화장실 항목이 없어서 수기 보충"
