season,team_code,stadium_code,zone_code,zone_name_ko,level,side,seat_type,group_size,accessible,description,evidence_type,source_id,verified_at,status,content
2026,LG,JAMSIL,PREMIUM,프리미엄석,,CENTER,PREMIUM,,N,2026 LG 홈경기 기준,OFFICIAL,S037,2026-09-03,CONFIRMED,[잠실야구장 · LG 트윈스] team_code: LG / stadium_code: JAMSIL / zone_code: PREMIUM / zone_name_ko: 프리미엄석 / side: CENTER / seat_type: PREMIUM / accessible: N / description: 2026 LG 홈경기 기준
2026,LG,JAMSIL,TABLE,테이블석,,,TABLE,,N,2026 LG 홈경기 기준,OFFICIAL,S037,2026-09-03,CONFIRMED,[잠실야구장 · LG 트윈스] team_code: LG / stadium_code: JAMSIL / zone_code: TABLE / zone_name_ko: 테이블석 / seat_type: TABLE / accessible: N / description: 2026 LG 홈경기 기준
2026,LG,JAMSIL,EXCITING,익사이팅존,,,SPECIAL,,N,2026 LG 홈경기 기준,OFFICIAL,S037,2026-09-03,CONFIRMED,[잠실야구장 · LG 트윈스] team_code: LG / stadium_code: JAMSIL / zone_code: EXCITING / zone_name_ko: 익사이팅존 / seat_type: SPECIAL / accessible: N / description: 2026 LG 홈경기 기준
2026,LG,JAMSIL,BLUE,블루석,,,RESERVED,,N,2026 LG 홈경기 기준,OFFICIAL,S037,2026-09-03,CONFIRMED,[잠실야구장 · LG 트윈스] team_code: LG / stadium_code: JAMSIL / zone_code: BLUE / zone_name_ko: 블루석 / seat_type: RESERVED / accessible: N / description: 2026 LG 홈경기 기준
2026,LG,JAMSIL,ORANGE,오렌지석,,,CHEERING,,N,2026 LG 홈경기 기준,OFFICIAL,S037,2026-09-03,CONFIRMED,[잠실야구장 · LG 트윈스] team_code: LG / stadium_code: JAMSIL / zone_code: ORANGE / zone_name_ko: 오렌지석 / seat_type: CHEERING / accessible: N / description: 2026 LG 홈경기 기준
2026,LG,JAMSIL,RED,레드석,,,RESERVED,,N,2026 LG 홈경기 기준,OFFICIAL,S037,2026-09-03,CONFIRMED,[잠실야구장 · LG 트윈스] team_code: LG / stadium_code: JAMSIL / zone_code: RED / zone_name_ko: 레드석 / seat_type: RESERVED / accessible: N / description: 2026 LG 홈경기 기준
2026,LG,JAMSIL,NAVY,네이비석,,,RESERVED,,N,2026 LG 홈경기 기준,OFFICIAL,S037,2026-09-03,CONFIRMED,[잠실야구장 · LG 트윈스] team_code: LG / stadium_code: JAMSIL / zone_code: NAVY / zone_name_ko: 네이비석 / seat_type: RESERVED / accessible: N / description: 2026 LG 홈경기 기준
2026,LG,JAMSIL,GREEN_CHEER,그린응원석(외야),,OUTFIELD,CHEERING,,N,2026 LG 홈경기 기준,OFFICIAL,S037,2026-09-03,CONFIRMED,[잠실야구장 · LG 트윈스] team_code: LG / stadium_code: JAMSIL / zone_code: GREEN_CHEER / zone_name_ko: 그린응원석(외야) / side: OUTFIELD / seat_type: CHEERING / accessible: N / description: 2026 LG 홈경기 기준
2026,LG,JAMSIL,GREEN_OUTFIELD,그린석(외야),,OUTFIELD,RESERVED,,N,2026 LG 홈경기 기준,OFFICIAL,S037,2026-09-03,CONFIRMED,[잠실야구장 · LG 트윈스] team_code: LG / stadium_code: JAMSIL / zone_code: GREEN_OUTFIELD / zone_name_ko: 그린석(외야) / side: OUTFIELD / seat_type: RESERVED / accessible: N / description: 2026 LG 홈경기 기준
2026,LG,JAMSIL,WHEELCHAIR,휠체어석,,INFIELD,ACCESSIBLE,,Y,101B·122B 및 동반자형 지정 구역. LG 홈경기 기준,OFFICIAL,S037,2026-09-03,CONFIRMED,[잠실야구장 · LG 트윈스] team_code: LG / stadium_code: JAMSIL / zone_code: WHEELCHAIR / zone_name_ko: 휠체어석 / side: INFIELD / seat_type: ACCESSIBLE / accessible: Y / description: 101B·122B 및 동반자형 지정 구역. LG 홈경기 기준
2026,DOOSAN,JAMSIL,CENTER_VIP,중앙석(VIP석),,CENTER,PREMIUM,,N,2026 두산 홈경기 기준,OFFICIAL,S074,2026-09-03,CONFIRMED,[잠실야구장 · 두산 베어스] team_code: DOOSAN / stadium_code: JAMSIL / zone_code: CENTER_VIP / zone_name_ko: 중앙석(VIP석) / side: CENTER / seat_type: PREMIUM / accessible: N / description: 2026 두산 홈경기 기준
2026,DOOSAN,JAMSIL,NOL_EXCITING,NOL존(익사이팅존),,,SPECIAL,,N,2026 두산 홈경기 기준,OFFICIAL,S074,2026-09-03,CONFIRMED,[잠실야구장 · 두산 베어스] team_code: DOOSAN / stadium_code: JAMSIL / zone_code: NOL_EXCITING / zone_name_ko: NOL존(익사이팅존) / seat_type: SPECIAL / accessible: N / description: 2026 두산 홈경기 기준
2026,DOOSAN,JAMSIL,TABLE,테이블석,,,TABLE,,N,2026 두산 홈경기 기준,OFFICIAL,S074,2026-09-03,CONFIRMED,[잠실야구장 · 두산 베어스] team_code: DOOSAN / stadium_code: JAMSIL / zone_code: TABLE / zone_name_ko: 테이블석 / seat_type: TABLE / accessible: N / description: 2026 두산 홈경기 기준
2026,DOOSAN,JAMSIL,BLUE,블루지정석,,,RESERVED,,N,2026 두산 홈경기 기준,OFFICIAL,S074,2026-09-03,CONFIRMED,[잠실야구장 · 두산 베어스] team_code: DOOSAN / stadium_code: JAMSIL / zone_code: BLUE / zone_name_ko: 블루지정석 / seat_type: RESERVED / accessible: N / description: 2026 두산 홈경기 기준
2026,DOOSAN,JAMSIL,ORANGE,오렌지지정석(응원석),,,CHEERING,,N,2026 두산 홈경기 기준,OFFICIAL,S074,2026-09-03,CONFIRMED,[잠실야구장 · 두산 베어스] team_code: DOOSAN / stadium_code: JAMSIL / zone_code: ORANGE / zone_name_ko: 오렌지지정석(응원석) / seat_type: CHEERING / accessible: N / description: 2026 두산 홈경기 기준
2026,DOOSAN,JAMSIL,RED,레드지정석,,,RESERVED,,N,2026 두산 홈경기 기준,OFFICIAL,S074,2026-09-03,CONFIRMED,[잠실야구장 · 두산 베어스] team_code: DOOSAN / stadium_code: JAMSIL / zone_code: RED / zone_name_ko: 레드지정석 / seat_type: RESERVED / accessible: N / description: 2026 두산 홈경기 기준
2026,DOOSAN,JAMSIL,NAVY,네이비지정석,,,RESERVED,,N,2026 두산 홈경기 기준,OFFICIAL,S074,2026-09-03,CONFIRMED,[잠실야구장 · 두산 베어스] team_code: DOOSAN / stadium_code: JAMSIL / zone_code: NAVY / zone_name_ko: 네이비지정석 / seat_type: RESERVED / accessible: N / description: 2026 두산 홈경기 기준
2026,DOOSAN,JAMSIL,OUTFIELD_GENERAL,외야일반석,,OUTFIELD,RESERVED,,N,2026 두산 홈경기 기준,OFFICIAL,S074,2026-09-03,CONFIRMED,[잠실야구장 · 두산 베어스] team_code: DOOSAN / stadium_code: JAMSIL / zone_code: OUTFIELD_GENERAL / zone_name_ko: 외야일반석 / side: OUTFIELD / seat_type: RESERVED / accessible: N / description: 2026 두산 홈경기 기준
2026,DOOSAN,JAMSIL,OUTFIELD_CHEER,외야응원석,,OUTFIELD,CHEERING,,N,405~408블록. 2026 두산 홈경기 기준,OFFICIAL,S074,2026-09-03,CONFIRMED,[잠실야구장 · 두산 베어스] team_code: DOOSAN / stadium_code: JAMSIL / zone_code: OUTFIELD_CHEER / zone_name_ko: 외야응원석 / side: OUTFIELD / seat_type: CHEERING / accessible: N / description: 405~408블록. 2026 두산 홈경기 기준
2026,DOOSAN,JAMSIL,WHEELCHAIR,휠체어 장애인석,,INFIELD,ACCESSIBLE,,Y,2026 두산 홈경기 기준,OFFICIAL,S074,2026-09-03,CONFIRMED,[잠실야구장 · 두산 베어스] team_code: DOOSAN / stadium_code: JAMSIL / zone_code: WHEELCHAIR / zone_name_ko: 휠체어 장애인석 / side: INFIELD / seat_type: ACCESSIBLE / accessible: Y / description: 2026 두산 홈경기 기준
2026,KIWOOM,GOCHEOK,R_D_CLUB,요기요 R.d-club석,,CENTER,PREMIUM,,N,2026 키움 공식 입장요금 페이지 기준,OFFICIAL,S077,2026-09-03,CONFIRMED,[고척스카이돔 · 키움 히어로즈] team_code: KIWOOM / stadium_code: GOCHEOK / zone_code: R_D_CLUB / zone_name_ko: 요기요 R.d-club석 / side: CENTER / seat_type: PREMIUM / accessible: N / description: 2026 키움 공식 입장요금 페이지 기준
2026,KIWOOM,GOCHEOK,D_CLUB,d-club(다이아몬드 클럽),,CENTER,PREMIUM,,N,2026 키움 공식 입장요금 페이지 기준,OFFICIAL,S077,2026-09-03,CONFIRMED,[고척스카이돔 · 키움 히어로즈] team_code: KIWOOM / stadium_code: GOCHEOK / zone_code: D_CLUB / zone_name_ko: d-club(다이아몬드 클럽) / side: CENTER / seat_type: PREMIUM / accessible: N / description: 2026 키움 공식 입장요금 페이지 기준
2026,KIWOOM,GOCHEOK,LEXUS_TABLE_1F,LEXUS 1층 테이블석,1F,INFIELD,TABLE,,N,2026 키움 공식 입장요금 페이지 기준,OFFICIAL,S077,2026-09-03,CONFIRMED,[고척스카이돔 · 키움 히어로즈] team_code: KIWOOM / stadium_code: GOCHEOK / zone_code: LEXUS_TABLE_1F / zone_name_ko: LEXUS 1층 테이블석 / level: 1F / side: INFIELD / seat_type: TABLE / accessible: N / description: 2026 키움 공식 입장요금 페이지 기준
2026,KIWOOM,GOCHEOK,NAVER_TABLE_2F,NAVER 2층 테이블석,2F,INFIELD,TABLE,,N,2026 키움 공식 입장요금 페이지 기준,OFFICIAL,S077,2026-09-03,CONFIRMED,[고척스카이돔 · 키움 히어로즈] team_code: KIWOOM / stadium_code: GOCHEOK / zone_code: NAVER_TABLE_2F / zone_name_ko: NAVER 2층 테이블석 / level: 2F / side: INFIELD / seat_type: TABLE / accessible: N / description: 2026 키움 공식 입장요금 페이지 기준
2026,KIWOOM,GOCHEOK,INFIELD_COUPLE,내야커플석,,INFIELD,COUPLE,2,N,2026 키움 공식 입장요금 페이지 기준,OFFICIAL,S077,2026-09-03,CONFIRMED,[고척스카이돔 · 키움 히어로즈] team_code: KIWOOM / stadium_code: GOCHEOK / zone_code: INFIELD_COUPLE / zone_name_ko: 내야커플석 / side: INFIELD / seat_type: COUPLE / group_size: 2 / accessible: N / description: 2026 키움 공식 입장요금 페이지 기준
2026,KIWOOM,GOCHEOK,OUTFIELD_COUPLE,외야커플석,,OUTFIELD,COUPLE,2,N,2026 키움 공식 입장요금 페이지 기준,OFFICIAL,S077,2026-09-03,CONFIRMED,[고척스카이돔 · 키움 히어로즈] team_code: KIWOOM / stadium_code: GOCHEOK / zone_code: OUTFIELD_COUPLE / zone_name_ko: 외야커플석 / side: OUTFIELD / seat_type: COUPLE / group_size: 2 / accessible: N / description: 2026 키움 공식 입장요금 페이지 기준
2026,KIWOOM,GOCHEOK,DARK_BURGUNDY,다크버건디석,,INFIELD,RESERVED,,N,2026 키움 공식 입장요금 페이지 기준,OFFICIAL,S077,2026-09-03,CONFIRMED,[고척스카이돔 · 키움 히어로즈] team_code: KIWOOM / stadium_code: GOCHEOK / zone_code: DARK_BURGUNDY / zone_name_ko: 다크버건디석 / side: INFIELD / seat_type: RESERVED / accessible: N / description: 2026 키움 공식 입장요금 페이지 기준
2026,KIWOOM,GOCHEOK,BURGUNDY,버건디석,,INFIELD,RESERVED,,N,2026 키움 공식 입장요금 페이지 기준,OFFICIAL,S077,2026-09-03,CONFIRMED,[고척스카이돔 · 키움 히어로즈] team_code: KIWOOM / stadium_code: GOCHEOK / zone_code: BURGUNDY / zone_name_ko: 버건디석 / side: INFIELD / seat_type: RESERVED / accessible: N / description: 2026 키움 공식 입장요금 페이지 기준
2026,KIWOOM,GOCHEOK,RESERVED_3F,3층 지정석,3F,INFIELD,RESERVED,,N,2026 키움 공식 입장요금 페이지 기준,OFFICIAL,S077,2026-09-03,CONFIRMED,[고척스카이돔 · 키움 히어로즈] team_code: KIWOOM / stadium_code: GOCHEOK / zone_code: RESERVED_3F / zone_name_ko: 3층 지정석 / level: 3F / side: INFIELD / seat_type: RESERVED / accessible: N / description: 2026 키움 공식 입장요금 페이지 기준
2026,KIWOOM,GOCHEOK,RESERVED_4F,4층 지정석,4F,INFIELD,RESERVED,,N,2026 키움 공식 입장요금 페이지 기준,OFFICIAL,S077,2026-09-03,CONFIRMED,[고척스카이돔 · 키움 히어로즈] team_code: KIWOOM / stadium_code: GOCHEOK / zone_code: RESERVED_4F / zone_name_ko: 4층 지정석 / level: 4F / side: INFIELD / seat_type: RESERVED / accessible: N / description: 2026 키움 공식 입장요금 페이지 기준
2026,KIWOOM,GOCHEOK,WHEELCHAIR,휠체어석,,INFIELD,ACCESSIBLE,2,Y,2026 키움 공식 입장요금 페이지 기준,OFFICIAL,S077,2026-09-03,CONFIRMED,[고척스카이돔 · 키움 히어로즈] team_code: KIWOOM / stadium_code: GOCHEOK / zone_code: WHEELCHAIR / zone_name_ko: 휠체어석 / side: INFIELD / seat_type: ACCESSIBLE / group_size: 2 / accessible: Y / description: 2026 키움 공식 입장요금 페이지 기준
2026,KIWOOM,GOCHEOK,OUTFIELD_RESERVED,외야 지정석,,OUTFIELD,RESERVED,,N,2026 키움 공식 입장요금 페이지 기준,OFFICIAL,S077,2026-09-03,CONFIRMED,[고척스카이돔 · 키움 히어로즈] team_code: KIWOOM / stadium_code: GOCHEOK / zone_code: OUTFIELD_RESERVED / zone_name_ko: 외야 지정석 / side: OUTFIELD / seat_type: RESERVED / accessible: N / description: 2026 키움 공식 입장요금 페이지 기준
2026,KIWOOM,GOCHEOK,OUTFIELD_UPPER,외야 지정석(상단),,OUTFIELD,RESERVED,,N,2026 키움 공식 입장요금 페이지 기준,OFFICIAL,S077,2026-09-03,CONFIRMED,[고척스카이돔 · 키움 히어로즈] team_code: KIWOOM / stadium_code: GOCHEOK / zone_code: OUTFIELD_UPPER / zone_name_ko: 외야 지정석(상단) / side: OUTFIELD / seat_type: RESERVED / accessible: N / description: 2026 키움 공식 입장요금 페이지 기준
2026,KIWOOM,GOCHEOK,SKYBOX,스카이박스,,,SKYBOX,,N,2026 키움 공식 입장요금 페이지 기준,OFFICIAL,S077,2026-09-03,CONFIRMED,[고척스카이돔 · 키움 히어로즈] team_code: KIWOOM / stadium_code: GOCHEOK / zone_code: SKYBOX / zone_name_ko: 스카이박스 / seat_type: SKYBOX / accessible: N / description: 2026 키움 공식 입장요금 페이지 기준
2026,KIWOOM,GOCHEOK,OUTFIELD_FAMILY,외야 패밀리석,,OUTFIELD,FAMILY,,N,2026 키움 공식 입장요금 페이지 기준,OFFICIAL,S077,2026-09-03,CONFIRMED,[고척스카이돔 · 키움 히어로즈] team_code: KIWOOM / stadium_code: GOCHEOK / zone_code: OUTFIELD_FAMILY / zone_name_ko: 외야 패밀리석 / side: OUTFIELD / seat_type: FAMILY / accessible: N / description: 2026 키움 공식 입장요금 페이지 기준
2026,KIWOOM,GOCHEOK,INFANT_COMPANION,외야 유아동반석,,OUTFIELD,FAMILY,2,N,2026 키움 공식 입장요금 페이지 기준,OFFICIAL,S077,2026-09-03,CONFIRMED,[고척스카이돔 · 키움 히어로즈] team_code: KIWOOM / stadium_code: GOCHEOK / zone_code: INFANT_COMPANION / zone_name_ko: 외야 유아동반석 / side: OUTFIELD / seat_type: FAMILY / group_size: 2 / accessible: N / description: 2026 키움 공식 입장요금 페이지 기준
2026,SSG,MUNHAK,SKY_VIEW_4F,4층 SKY뷰석,4F,,RESERVED,,N,2026 SSG 공식 좌석도·가격표 기준,OFFICIAL,S047,2026-09-03,CONFIRMED,[인천 SSG 랜더스필드 · SSG 랜더스] team_code: SSG / stadium_code: MUNHAK / zone_code: SKY_VIEW_4F / zone_name_ko: 4층 SKY뷰석 / level: 4F / seat_type: RESERVED / accessible: N / description: 2026 SSG 공식 좌석도·가격표 기준
2026,SSG,MUNHAK,OUTFIELD_FIELD,외야 필드석,,OUTFIELD,RESERVED,,N,2026 SSG 공식 좌석도·가격표 기준,OFFICIAL,S047,2026-09-03,CONFIRMED,[인천 SSG 랜더스필드 · SSG 랜더스] team_code: SSG / stadium_code: MUNHAK / zone_code: OUTFIELD_FIELD / zone_name_ko: 외야 필드석 / side: OUTFIELD / seat_type: RESERVED / accessible: N / description: 2026 SSG 공식 좌석도·가격표 기준
2026,SSG,MUNHAK,INFIELD_FIELD,내야 필드석,,INFIELD,RESERVED,,N,2026 SSG 공식 좌석도·가격표 기준,OFFICIAL,S047,2026-09-03,CONFIRMED,[인천 SSG 랜더스필드 · SSG 랜더스] team_code: SSG / stadium_code: MUNHAK / zone_code: INFIELD_FIELD / zone_name_ko: 내야 필드석 / side: INFIELD / seat_type: RESERVED / accessible: N / description: 2026 SSG 공식 좌석도·가격표 기준
2026,SSG,MUNHAK,MOLLY_GREEN,몰리스 그린존,,OUTFIELD,GRASS,,N,2026 SSG 공식 좌석도·가격표 기준,OFFICIAL,S047,2026-09-03,CONFIRMED,[인천 SSG 랜더스필드 · SSG 랜더스] team_code: SSG / stadium_code: MUNHAK / zone_code: MOLLY_GREEN / zone_name_ko: 몰리스 그린존 / side: OUTFIELD / seat_type: GRASS / accessible: N / description: 2026 SSG 공식 좌석도·가격표 기준
2026,SSG,MUNHAK,CHOI_400,최정 400홈런 기념존,,OUTFIELD,SPECIAL,,N,2026 SSG 공식 좌석도·가격표 기준,OFFICIAL,S047,2026-09-03,CONFIRMED,[인천 SSG 랜더스필드 · SSG 랜더스] team_code: SSG / stadium_code: MUNHAK / zone_code: CHOI_400 / zone_name_ko: 최정 400홈런 기념존 / side: OUTFIELD / seat_type: SPECIAL / accessible: N / description: 2026 SSG 공식 좌석도·가격표 기준
2026,SSG,MUNHAK,WHEELCHAIR,휠체어 장애인석,,,ACCESSIBLE,,Y,2026 SSG 공식 좌석도·가격표 기준,OFFICIAL,S047,2026-09-03,CONFIRMED,[인천 SSG 랜더스필드 · SSG 랜더스] team_code: SSG / stadium_code: MUNHAK / zone_code: WHEELCHAIR / zone_name_ko: 휠체어 장애인석 / seat_type: ACCESSIBLE / accessible: Y / description: 2026 SSG 공식 좌석도·가격표 기준
2026,SSG,MUNHAK,EUSSEUK,으쓱이존,,INFIELD,CHEERING,,N,2026 SSG 공식 좌석도·가격표 기준,OFFICIAL,S047,2026-09-03,CONFIRMED,[인천 SSG 랜더스필드 · SSG 랜더스] team_code: SSG / stadium_code: MUNHAK / zone_code: EUSSEUK / zone_name_ko: 으쓱이존 / side: INFIELD / seat_type: CHEERING / accessible: N / description: 2026 SSG 공식 좌석도·가격표 기준
2026,SSG,MUNHAK,AWAY_CHEER,원정응원석,,INFIELD,CHEERING,,N,2026 SSG 공식 좌석도·가격표 기준,OFFICIAL,S047,2026-09-03,CONFIRMED,[인천 SSG 랜더스필드 · SSG 랜더스] team_code: SSG / stadium_code: MUNHAK / zone_code: AWAY_CHEER / zone_name_ko: 원정응원석 / side: INFIELD / seat_type: CHEERING / accessible: N / description: 2026 SSG 공식 좌석도·가격표 기준
2026,SSG,MUNHAK,DUGOUT_UPPER,덕아웃 상단석,,INFIELD,RESERVED,,N,2026 SSG 공식 좌석도·가격표 기준,OFFICIAL,S047,2026-09-03,CONFIRMED,[인천 SSG 랜더스필드 · SSG 랜더스] team_code: SSG / stadium_code: MUNHAK / zone_code: DUGOUT_UPPER / zone_name_ko: 덕아웃 상단석 / side: INFIELD / seat_type: RESERVED / accessible: N / description: 2026 SSG 공식 좌석도·가격표 기준
2026,SSG,MUNHAK,CHOGAJUNGJA,초가정자,,OUTFIELD,SPECIAL,,N,2026 SSG 공식 좌석도·가격표 기준,OFFICIAL,S047,2026-09-03,CONFIRMED,[인천 SSG 랜더스필드 · SSG 랜더스] team_code: SSG / stadium_code: MUNHAK / zone_code: CHOGAJUNGJA / zone_name_ko: 초가정자 / side: OUTFIELD / seat_type: SPECIAL / accessible: N / description: 2026 SSG 공식 좌석도·가격표 기준
2026,SSG,MUNHAK,ROCKET_OUTFIELD_PARTY,로켓배터리 외야파티덱,,OUTFIELD,GROUP,,N,2026 SSG 공식 좌석도·가격표 기준,OFFICIAL,S047,2026-09-03,CONFIRMED,[인천 SSG 랜더스필드 · SSG 랜더스] team_code: SSG / stadium_code: MUNHAK / zone_code: ROCKET_OUTFIELD_PARTY / zone_name_ko: 로켓배터리 외야파티덱 / side: OUTFIELD / seat_type: GROUP / accessible: N / description: 2026 SSG 공식 좌석도·가격표 기준
2026,SSG,MUNHAK,SKY_TABLE,SKY탁자석,,,TABLE,,N,2026 SSG 공식 좌석도·가격표 기준,OFFICIAL,S047,2026-09-03,CONFIRMED,[인천 SSG 랜더스필드 · SSG 랜더스] team_code: SSG / stadium_code: MUNHAK / zone_code: SKY_TABLE / zone_name_ko: SKY탁자석 / seat_type: TABLE / accessible: N / description: 2026 SSG 공식 좌석도·가격표 기준
2026,SSG,MUNHAK,OUTFIELD_FAMILY,외야패밀리존,,OUTFIELD,FAMILY,,N,2026 SSG 공식 좌석도·가격표 기준,OFFICIAL,S047,2026-09-03,CONFIRMED,[인천 SSG 랜더스필드 · SSG 랜더스] team_code: SSG / stadium_code: MUNHAK / zone_code: OUTFIELD_FAMILY / zone_name_ko: 외야패밀리존 / side: OUTFIELD / seat_type: FAMILY / accessible: N / description: 2026 SSG 공식 좌석도·가격표 기준
2026,SSG,MUNHAK,HOME_RUN_COUPLE,홈런커플존,,OUTFIELD,COUPLE,2,N,2026 SSG 공식 좌석도·가격표 기준,OFFICIAL,S047,2026-09-03,CONFIRMED,[인천 SSG 랜더스필드 · SSG 랜더스] team_code: SSG / stadium_code: MUNHAK / zone_code: HOME_RUN_COUPLE / zone_name_ko: 홈런커플존 / side: OUTFIELD / seat_type: COUPLE / group_size: 2 / accessible: N / description: 2026 SSG 공식 좌석도·가격표 기준
2026,SSG,MUNHAK,EMART_FRIENDLY,이마트 프렌들리존,,INFIELD,SPECIAL,,N,2026 SSG 공식 좌석도·가격표 기준,OFFICIAL,S047,2026-09-03,CONFIRMED,[인천 SSG 랜더스필드 · SSG 랜더스] team_code: SSG / stadium_code: MUNHAK / zone_code: EMART_FRIENDLY / zone_name_ko: 이마트 프렌들리존 / side: INFIELD / seat_type: SPECIAL / accessible: N / description: 2026 SSG 공식 좌석도·가격표 기준
2026,SSG,MUNHAK,EMART_BBQ,이마트 바비큐존,,OUTFIELD,BBQ,,N,2026 SSG 공식 좌석도·가격표 기준,OFFICIAL,S047,2026-09-03,CONFIRMED,[인천 SSG 랜더스필드 · SSG 랜더스] team_code: SSG / stadium_code: MUNHAK / zone_code: EMART_BBQ / zone_name_ko: 이마트 바비큐존 / side: OUTFIELD / seat_type: BBQ / accessible: N / description: 2026 SSG 공식 좌석도·가격표 기준
2026,SSG,MUNHAK,DODORAM_BBQ,도드람한돈 바비큐존,,OUTFIELD,BBQ,,N,2026 SSG 공식 좌석도·가격표 기준,OFFICIAL,S047,2026-09-03,CONFIRMED,[인천 SSG 랜더스필드 · SSG 랜더스] team_code: SSG / stadium_code: MUNHAK / zone_code: DODORAM_BBQ / zone_name_ko: 도드람한돈 바비큐존 / side: OUTFIELD / seat_type: BBQ / accessible: N / description: 2026 SSG 공식 좌석도·가격표 기준
2026,SSG,MUNHAK,YOGIYO_INFIELD_FAMILY,요기요 내야패밀리존,,INFIELD,FAMILY,,N,2026 SSG 공식 좌석도·가격표 기준,OFFICIAL,S047,2026-09-03,CONFIRMED,[인천 SSG 랜더스필드 · SSG 랜더스] team_code: SSG / stadium_code: MUNHAK / zone_code: YOGIYO_INFIELD_FAMILY / zone_name_ko: 요기요 내야패밀리존 / side: INFIELD / seat_type: FAMILY / accessible: N / description: 2026 SSG 공식 좌석도·가격표 기준
2026,SSG,MUNHAK,NOBRAND_TABLE_2F,노브랜드 테이블석(2층),2F,INFIELD,TABLE,,N,2026 SSG 공식 좌석도·가격표 기준,OFFICIAL,S047,2026-09-03,CONFIRMED,[인천 SSG 랜더스필드 · SSG 랜더스] team_code: SSG / stadium_code: MUNHAK / zone_code: NOBRAND_TABLE_2F / zone_name_ko: 노브랜드 테이블석(2층) / level: 2F / side: INFIELD / seat_type: TABLE / accessible: N / description: 2026 SSG 공식 좌석도·가격표 기준
2026,SSG,MUNHAK,PEACOCK_TABLE_1F,피코크 테이블석(1층),1F,INFIELD,TABLE,,N,2026 SSG 공식 좌석도·가격표 기준,OFFICIAL,S047,2026-09-03,CONFIRMED,[인천 SSG 랜더스필드 · SSG 랜더스] team_code: SSG / stadium_code: MUNHAK / zone_code: PEACOCK_TABLE_1F / zone_name_ko: 피코크 테이블석(1층) / level: 1F / side: INFIELD / seat_type: TABLE / accessible: N / description: 2026 SSG 공식 좌석도·가격표 기준
2026,SSG,MUNHAK,LANDERS_LIVE,랜더스 라이브존,,CENTER,PREMIUM,,N,2026 SSG 공식 좌석도·가격표 기준,OFFICIAL,S047,2026-09-03,CONFIRMED,[인천 SSG 랜더스필드 · SSG 랜더스] team_code: SSG / stadium_code: MUNHAK / zone_code: LANDERS_LIVE / zone_name_ko: 랜더스 라이브존 / side: CENTER / seat_type: PREMIUM / accessible: N / description: 2026 SSG 공식 좌석도·가격표 기준
2026,SSG,MUNHAK,MINI_SKYBOX,미니스카이박스,,,SKYBOX,,N,2026 SSG 공식 좌석도·가격표 기준,OFFICIAL,S047,2026-09-03,CONFIRMED,[인천 SSG 랜더스필드 · SSG 랜더스] team_code: SSG / stadium_code: MUNHAK / zone_code: MINI_SKYBOX / zone_name_ko: 미니스카이박스 / seat_type: SKYBOX / accessible: N / description: 2026 SSG 공식 좌석도·가격표 기준
2026,SSG,MUNHAK,SKYBOX,스카이박스,,,SKYBOX,,N,2026 SSG 공식 좌석도·가격표 기준,OFFICIAL,S047,2026-09-03,CONFIRMED,[인천 SSG 랜더스필드 · SSG 랜더스] team_code: SSG / stadium_code: MUNHAK / zone_code: SKYBOX / zone_name_ko: 스카이박스 / seat_type: SKYBOX / accessible: N / description: 2026 SSG 공식 좌석도·가격표 기준
2026,HANWHA,DAEJEON,CATCHER_BACK,포수후면석,,CENTER,PREMIUM,,N,2026 한화 공식 티켓 이미지 기준. 인원 표시는 좌석 상품 정원이며 요금은 1인 기준,OFFICIAL,S088,2026-09-03,CONFIRMED,[대전 한화생명 볼파크 · 한화 이글스] team_code: HANWHA / stadium_code: DAEJEON / zone_code: CATCHER_BACK / zone_name_ko: 포수후면석 / side: CENTER / seat_type: PREMIUM / accessible: N / description: 2026 한화 공식 티켓 이미지 기준. 인원 표시는 좌석 상품 정원이며 요금은 1인 기준
2026,HANWHA,DAEJEON,CENTER_RESERVED,중앙지정석,,CENTER,RESERVED,,N,2026 한화 공식 티켓 이미지 기준. 인원 표시는 좌석 상품 정원이며 요금은 1인 기준,OFFICIAL,S088,2026-09-03,CONFIRMED,[대전 한화생명 볼파크 · 한화 이글스] team_code: HANWHA / stadium_code: DAEJEON / zone_code: CENTER_RESERVED / zone_name_ko: 중앙지정석 / side: CENTER / seat_type: RESERVED / accessible: N / description: 2026 한화 공식 티켓 이미지 기준. 인원 표시는 좌석 상품 정원이며 요금은 1인 기준
2026,HANWHA,DAEJEON,CENTER_TABLE,중앙탁자석,,CENTER,TABLE,,N,2026 한화 공식 티켓 이미지 기준. 인원 표시는 좌석 상품 정원이며 요금은 1인 기준,OFFICIAL,S088,2026-09-03,CONFIRMED,[대전 한화생명 볼파크 · 한화 이글스] team_code: HANWHA / stadium_code: DAEJEON / zone_code: CENTER_TABLE / zone_name_ko: 중앙탁자석 / side: CENTER / seat_type: TABLE / accessible: N / description: 2026 한화 공식 티켓 이미지 기준. 인원 표시는 좌석 상품 정원이며 요금은 1인 기준
2026,HANWHA,DAEJEON,CENTER_WHEELCHAIR,중앙휠체어석,,CENTER,ACCESSIBLE,,Y,2026 한화 공식 티켓 이미지 기준. 인원 표시는 좌석 상품 정원이며 요금은 1인 기준,OFFICIAL,S088,2026-09-03,CONFIRMED,[대전 한화생명 볼파크 · 한화 이글스] team_code: HANWHA / stadium_code: DAEJEON / zone_code: CENTER_WHEELCHAIR / zone_name_ko: 중앙휠체어석 / side: CENTER / seat_type: ACCESSIBLE / accessible: Y / description: 2026 한화 공식 티켓 이미지 기준. 인원 표시는 좌석 상품 정원이며 요금은 1인 기준
2026,HANWHA,DAEJEON,INFIELD_A,내야지정석A,,INFIELD,RESERVED,,N,2026 한화 공식 티켓 이미지 기준. 인원 표시는 좌석 상품 정원이며 요금은 1인 기준,OFFICIAL,S088,2026-09-03,CONFIRMED,[대전 한화생명 볼파크 · 한화 이글스] team_code: HANWHA / stadium_code: DAEJEON / zone_code: INFIELD_A / zone_name_ko: 내야지정석A / side: INFIELD / seat_type: RESERVED / accessible: N / description: 2026 한화 공식 티켓 이미지 기준. 인원 표시는 좌석 상품 정원이며 요금은 1인 기준
2026,HANWHA,DAEJEON,CHEERING,응원단석,,INFIELD,CHEERING,,N,2026 한화 공식 티켓 이미지 기준. 인원 표시는 좌석 상품 정원이며 요금은 1인 기준,OFFICIAL,S088,2026-09-03,CONFIRMED,[대전 한화생명 볼파크 · 한화 이글스] team_code: HANWHA / stadium_code: DAEJEON / zone_code: CHEERING / zone_name_ko: 응원단석 / side: INFIELD / seat_type: CHEERING / accessible: N / description: 2026 한화 공식 티켓 이미지 기준. 인원 표시는 좌석 상품 정원이며 요금은 1인 기준
2026,HANWHA,DAEJEON,INFIELD_B,내야지정석B,,INFIELD,RESERVED,,N,2026 한화 공식 티켓 이미지 기준. 인원 표시는 좌석 상품 정원이며 요금은 1인 기준,OFFICIAL,S088,2026-09-03,CONFIRMED,[대전 한화생명 볼파크 · 한화 이글스] team_code: HANWHA / stadium_code: DAEJEON / zone_code: INFIELD_B / zone_name_ko: 내야지정석B / side: INFIELD / seat_type: RESERVED / accessible: N / description: 2026 한화 공식 티켓 이미지 기준. 인원 표시는 좌석 상품 정원이며 요금은 1인 기준
2026,HANWHA,DAEJEON,INFIELD_BOX,내야박스석,,INFIELD,GROUP,6,N,2026 한화 공식 티켓 이미지 기준. 인원 표시는 좌석 상품 정원이며 요금은 1인 기준,OFFICIAL,S088,2026-09-03,CONFIRMED,[대전 한화생명 볼파크 · 한화 이글스] team_code: HANWHA / stadium_code: DAEJEON / zone_code: INFIELD_BOX / zone_name_ko: 내야박스석 / side: INFIELD / seat_type: GROUP / group_size: 6 / accessible: N / description: 2026 한화 공식 티켓 이미지 기준. 인원 표시는 좌석 상품 정원이며 요금은 1인 기준
2026,HANWHA,DAEJEON,INFIELD_TABLE_1F,내야탁자석(1층),1F,INFIELD,TABLE,,N,2026 한화 공식 티켓 이미지 기준. 인원 표시는 좌석 상품 정원이며 요금은 1인 기준,OFFICIAL,S088,2026-09-03,CONFIRMED,[대전 한화생명 볼파크 · 한화 이글스] team_code: HANWHA / stadium_code: DAEJEON / zone_code: INFIELD_TABLE_1F / zone_name_ko: 내야탁자석(1층) / level: 1F / side: INFIELD / seat_type: TABLE / accessible: N / description: 2026 한화 공식 티켓 이미지 기준. 인원 표시는 좌석 상품 정원이며 요금은 1인 기준
2026,HANWHA,DAEJEON,INFIELD_TABLE_4F,내야탁자석(4층),4F,INFIELD,TABLE,,N,2026 한화 공식 티켓 이미지 기준. 인원 표시는 좌석 상품 정원이며 요금은 1인 기준,OFFICIAL,S088,2026-09-03,CONFIRMED,[대전 한화생명 볼파크 · 한화 이글스] team_code: HANWHA / stadium_code: DAEJEON / zone_code: INFIELD_TABLE_4F / zone_name_ko: 내야탁자석(4층) / level: 4F / side: INFIELD / seat_type: TABLE / accessible: N / description: 2026 한화 공식 티켓 이미지 기준. 인원 표시는 좌석 상품 정원이며 요금은 1인 기준
2026,HANWHA,DAEJEON,INFIELD_WHEELCHAIR,내야휠체어석,,INFIELD,ACCESSIBLE,,Y,2026 한화 공식 티켓 이미지 기준. 인원 표시는 좌석 상품 정원이며 요금은 1인 기준,OFFICIAL,S088,2026-09-03,CONFIRMED,[대전 한화생명 볼파크 · 한화 이글스] team_code: HANWHA / stadium_code: DAEJEON / zone_code: INFIELD_WHEELCHAIR / zone_name_ko: 내야휠체어석 / side: INFIELD / seat_type: ACCESSIBLE / accessible: Y / description: 2026 한화 공식 티켓 이미지 기준. 인원 표시는 좌석 상품 정원이며 요금은 1인 기준
2026,HANWHA,DAEJEON,INNINGS_VIP_LOUNGE,이닝스 VIP 라운지,,CENTER,PREMIUM,,N,2026 한화 공식 티켓 이미지 기준. 인원 표시는 좌석 상품 정원이며 요금은 1인 기준,OFFICIAL,S088,2026-09-03,CONFIRMED,[대전 한화생명 볼파크 · 한화 이글스] team_code: HANWHA / stadium_code: DAEJEON / zone_code: INNINGS_VIP_LOUNGE / zone_name_ko: 이닝스 VIP 라운지 / side: CENTER / seat_type: PREMIUM / accessible: N / description: 2026 한화 공식 티켓 이미지 기준. 인원 표시는 좌석 상품 정원이며 요금은 1인 기준
2026,HANWHA,DAEJEON,INNINGS_VIP_TERRACE,이닝스 VIP 테라스,,CENTER,PREMIUM,,N,2026 한화 공식 티켓 이미지 기준. 인원 표시는 좌석 상품 정원이며 요금은 1인 기준,OFFICIAL,S088,2026-09-03,CONFIRMED,[대전 한화생명 볼파크 · 한화 이글스] team_code: HANWHA / stadium_code: DAEJEON / zone_code: INNINGS_VIP_TERRACE / zone_name_ko: 이닝스 VIP 테라스 / side: CENTER / seat_type: PREMIUM / accessible: N / description: 2026 한화 공식 티켓 이미지 기준. 인원 표시는 좌석 상품 정원이며 요금은 1인 기준
2026,HANWHA,DAEJEON,SPLASH_JACUZZI,스플래쉬 자쿠지,,INFIELD,SPECIAL,,N,2026 한화 공식 티켓 이미지 기준. 인원 표시는 좌석 상품 정원이며 요금은 1인 기준,OFFICIAL,S088,2026-09-03,CONFIRMED,[대전 한화생명 볼파크 · 한화 이글스] team_code: HANWHA / stadium_code: DAEJEON / zone_code: SPLASH_JACUZZI / zone_name_ko: 스플래쉬 자쿠지 / side: INFIELD / seat_type: SPECIAL / accessible: N / description: 2026 한화 공식 티켓 이미지 기준. 인원 표시는 좌석 상품 정원이며 요금은 1인 기준
2026,HANWHA,DAEJEON,SPLASH_GENERAL,스플래쉬 일반,,INFIELD,SPECIAL,,N,2026 한화 공식 티켓 이미지 기준. 인원 표시는 좌석 상품 정원이며 요금은 1인 기준,OFFICIAL,S088,2026-09-03,CONFIRMED,[대전 한화생명 볼파크 · 한화 이글스] team_code: HANWHA / stadium_code: DAEJEON / zone_code: SPLASH_GENERAL / zone_name_ko: 스플래쉬 일반 / side: INFIELD / seat_type: SPECIAL / accessible: N / description: 2026 한화 공식 티켓 이미지 기준. 인원 표시는 좌석 상품 정원이며 요금은 1인 기준
2026,HANWHA,DAEJEON,SPLASH_TABLE,스플래쉬 탁자,,INFIELD,TABLE,,N,2026 한화 공식 티켓 이미지 기준. 인원 표시는 좌석 상품 정원이며 요금은 1인 기준,OFFICIAL,S088,2026-09-03,CONFIRMED,[대전 한화생명 볼파크 · 한화 이글스] team_code: HANWHA / stadium_code: DAEJEON / zone_code: SPLASH_TABLE / zone_name_ko: 스플래쉬 탁자 / side: INFIELD / seat_type: TABLE / accessible: N / description: 2026 한화 공식 티켓 이미지 기준. 인원 표시는 좌석 상품 정원이며 요금은 1인 기준
2026,HANWHA,DAEJEON,OUTFIELD_RESERVED,외야지정석,,OUTFIELD,RESERVED,,N,2026 한화 공식 티켓 이미지 기준. 인원 표시는 좌석 상품 정원이며 요금은 1인 기준,OFFICIAL,S088,2026-09-03,CONFIRMED,[대전 한화생명 볼파크 · 한화 이글스] team_code: HANWHA / stadium_code: DAEJEON / zone_code: OUTFIELD_RESERVED / zone_name_ko: 외야지정석 / side: OUTFIELD / seat_type: RESERVED / accessible: N / description: 2026 한화 공식 티켓 이미지 기준. 인원 표시는 좌석 상품 정원이며 요금은 1인 기준
2026,HANWHA,DAEJEON,GRASS,잔디석,,OUTFIELD,GRASS,3·4인,N,2026 한화 공식 티켓 이미지 기준. 인원 표시는 좌석 상품 정원이며 요금은 1인 기준,OFFICIAL,S088,2026-09-03,CONFIRMED,[대전 한화생명 볼파크 · 한화 이글스] team_code: HANWHA / stadium_code: DAEJEON / zone_code: GRASS / zone_name_ko: 잔디석 / side: OUTFIELD / seat_type: GRASS / group_size: 3·4인 / accessible: N / description: 2026 한화 공식 티켓 이미지 기준. 인원 표시는 좌석 상품 정원이며 요금은 1인 기준
2026,HANWHA,DAEJEON,OUTFIELD_COUPLE,외야커플석,,OUTFIELD,COUPLE,2·6인,N,2026 한화 공식 티켓 이미지 기준. 인원 표시는 좌석 상품 정원이며 요금은 1인 기준,OFFICIAL,S088,2026-09-03,CONFIRMED,[대전 한화생명 볼파크 · 한화 이글스] team_code: HANWHA / stadium_code: DAEJEON / zone_code: OUTFIELD_COUPLE / zone_name_ko: 외야커플석 / side: OUTFIELD / seat_type: COUPLE / group_size: 2·6인 / accessible: N / description: 2026 한화 공식 티켓 이미지 기준. 인원 표시는 좌석 상품 정원이며 요금은 1인 기준
2026,HANWHA,DAEJEON,OUTFIELD_TABLE,외야탁자석,,OUTFIELD,TABLE,,N,2026 한화 공식 티켓 이미지 기준. 인원 표시는 좌석 상품 정원이며 요금은 1인 기준,OFFICIAL,S088,2026-09-03,CONFIRMED,[대전 한화생명 볼파크 · 한화 이글스] team_code: HANWHA / stadium_code: DAEJEON / zone_code: OUTFIELD_TABLE / zone_name_ko: 외야탁자석 / side: OUTFIELD / seat_type: TABLE / accessible: N / description: 2026 한화 공식 티켓 이미지 기준. 인원 표시는 좌석 상품 정원이며 요금은 1인 기준
2026,HANWHA,DAEJEON,OUTFIELD_WHEELCHAIR,외야휠체어석,,OUTFIELD,ACCESSIBLE,,Y,2026 한화 공식 티켓 이미지 기준. 인원 표시는 좌석 상품 정원이며 요금은 1인 기준,OFFICIAL,S088,2026-09-03,CONFIRMED,[대전 한화생명 볼파크 · 한화 이글스] team_code: HANWHA / stadium_code: DAEJEON / zone_code: OUTFIELD_WHEELCHAIR / zone_name_ko: 외야휠체어석 / side: OUTFIELD / seat_type: ACCESSIBLE / accessible: Y / description: 2026 한화 공식 티켓 이미지 기준. 인원 표시는 좌석 상품 정원이며 요금은 1인 기준
2026,HANWHA,DAEJEON,SKYBOX,스카이박스,,,SKYBOX,12·15인,N,2026 한화 공식 티켓 이미지 기준. 인원 표시는 좌석 상품 정원이며 요금은 1인 기준,OFFICIAL,S088,2026-09-03,CONFIRMED,[대전 한화생명 볼파크 · 한화 이글스] team_code: HANWHA / stadium_code: DAEJEON / zone_code: SKYBOX / zone_name_ko: 스카이박스 / seat_type: SKYBOX / group_size: 12·15인 / accessible: N / description: 2026 한화 공식 티켓 이미지 기준. 인원 표시는 좌석 상품 정원이며 요금은 1인 기준
2026,SAMSUNG,DAEGU,VIP,VIP석,,CENTER,PREMIUM,,N,2026 삼성 공식 좌석·티켓 이미지 기준,OFFICIAL,S058,2026-09-03,CONFIRMED,[대구 삼성 라이온즈 파크 · 삼성 라이온즈] team_code: SAMSUNG / stadium_code: DAEGU / zone_code: VIP / zone_name_ko: VIP석 / side: CENTER / seat_type: PREMIUM / accessible: N / description: 2026 삼성 공식 좌석·티켓 이미지 기준
2026,SAMSUNG,DAEGU,CENTER_TABLE,으뜸병원 중앙테이블석,,CENTER,TABLE,,N,2026 삼성 공식 좌석·티켓 이미지 기준,OFFICIAL,S058,2026-09-03,CONFIRMED,[대구 삼성 라이온즈 파크 · 삼성 라이온즈] team_code: SAMSUNG / stadium_code: DAEGU / zone_code: CENTER_TABLE / zone_name_ko: 으뜸병원 중앙테이블석 / side: CENTER / seat_type: TABLE / accessible: N / description: 2026 삼성 공식 좌석·티켓 이미지 기준
2026,SAMSUNG,DAEGU,TABLE_1B3B,1·3루 테이블석,,INFIELD,TABLE,,N,2026 삼성 공식 좌석·티켓 이미지 기준,OFFICIAL,S058,2026-09-03,CONFIRMED,[대구 삼성 라이온즈 파크 · 삼성 라이온즈] team_code: SAMSUNG / stadium_code: DAEGU / zone_code: TABLE_1B3B / zone_name_ko: 1·3루 테이블석 / side: INFIELD / seat_type: TABLE / accessible: N / description: 2026 삼성 공식 좌석·티켓 이미지 기준
2026,SAMSUNG,DAEGU,EXCITING_1B3B,1·3루 익사이팅석,,INFIELD,SPECIAL,,N,2026 삼성 공식 좌석·티켓 이미지 기준,OFFICIAL,S058,2026-09-03,CONFIRMED,[대구 삼성 라이온즈 파크 · 삼성 라이온즈] team_code: SAMSUNG / stadium_code: DAEGU / zone_code: EXCITING_1B3B / zone_name_ko: 1·3루 익사이팅석 / side: INFIELD / seat_type: SPECIAL / accessible: N / description: 2026 삼성 공식 좌석·티켓 이미지 기준
2026,SAMSUNG,DAEGU,BLUE_ZONE,블루존,,INFIELD,CHEERING,,N,2026 삼성 공식 좌석·티켓 이미지 기준,OFFICIAL,S058,2026-09-03,CONFIRMED,[대구 삼성 라이온즈 파크 · 삼성 라이온즈] team_code: SAMSUNG / stadium_code: DAEGU / zone_code: BLUE_ZONE / zone_name_ko: 블루존 / side: INFIELD / seat_type: CHEERING / accessible: N / description: 2026 삼성 공식 좌석·티켓 이미지 기준
2026,SAMSUNG,DAEGU,INFIELD_3B,3루 내야지정석,,3B,RESERVED,,N,2026 삼성 공식 좌석·티켓 이미지 기준,OFFICIAL,S058,2026-09-03,CONFIRMED,[대구 삼성 라이온즈 파크 · 삼성 라이온즈] team_code: SAMSUNG / stadium_code: DAEGU / zone_code: INFIELD_3B / zone_name_ko: 3루 내야지정석 / side: 3B / seat_type: RESERVED / accessible: N / description: 2026 삼성 공식 좌석·티켓 이미지 기준
2026,SAMSUNG,DAEGU,AWAY_CHEER,원정응원석,,3B,CHEERING,,N,2026 삼성 공식 좌석·티켓 이미지 기준,OFFICIAL,S058,2026-09-03,CONFIRMED,[대구 삼성 라이온즈 파크 · 삼성 라이온즈] team_code: SAMSUNG / stadium_code: DAEGU / zone_code: AWAY_CHEER / zone_name_ko: 원정응원석 / side: 3B / seat_type: CHEERING / accessible: N / description: 2026 삼성 공식 좌석·티켓 이미지 기준
2026,SAMSUNG,DAEGU,INFIELD_1B,1루 내야지정석,,1B,RESERVED,,N,2026 삼성 공식 좌석·티켓 이미지 기준,OFFICIAL,S058,2026-09-03,CONFIRMED,[대구 삼성 라이온즈 파크 · 삼성 라이온즈] team_code: SAMSUNG / stadium_code: DAEGU / zone_code: INFIELD_1B / zone_name_ko: 1루 내야지정석 / side: 1B / seat_type: RESERVED / accessible: N / description: 2026 삼성 공식 좌석·티켓 이미지 기준
2026,SAMSUNG,DAEGU,SKY_YOGIBO_FAMILY,SKY 요기보 패밀리존,4F,,FAMILY,4,N,2026 삼성 공식 좌석·티켓 이미지 기준,OFFICIAL,S058,2026-09-03,CONFIRMED,[대구 삼성 라이온즈 파크 · 삼성 라이온즈] team_code: SAMSUNG / stadium_code: DAEGU / zone_code: SKY_YOGIBO_FAMILY / zone_name_ko: SKY 요기보 패밀리존 / level: 4F / seat_type: FAMILY / group_size: 4 / accessible: N / description: 2026 삼성 공식 좌석·티켓 이미지 기준
2026,SAMSUNG,DAEGU,SKY_BLUE,SKY 블루존,4F,,CHEERING,,N,2026 삼성 공식 좌석·티켓 이미지 기준,OFFICIAL,S058,2026-09-03,CONFIRMED,[대구 삼성 라이온즈 파크 · 삼성 라이온즈] team_code: SAMSUNG / stadium_code: DAEGU / zone_code: SKY_BLUE / zone_name_ko: SKY 블루존 / level: 4F / seat_type: CHEERING / accessible: N / description: 2026 삼성 공식 좌석·티켓 이미지 기준
2026,SAMSUNG,DAEGU,SKY_LOWER,SKY 하단 지정석,4F,,RESERVED,,N,2026 삼성 공식 좌석·티켓 이미지 기준,OFFICIAL,S058,2026-09-03,CONFIRMED,[대구 삼성 라이온즈 파크 · 삼성 라이온즈] team_code: SAMSUNG / stadium_code: DAEGU / zone_code: SKY_LOWER / zone_name_ko: SKY 하단 지정석 / level: 4F / seat_type: RESERVED / accessible: N / description: 2026 삼성 공식 좌석·티켓 이미지 기준
2026,SAMSUNG,DAEGU,SKY_UPPER_1B3B,1·3루 SKY 상단 지정석,4F,,RESERVED,,N,2026 삼성 공식 좌석·티켓 이미지 기준,OFFICIAL,S058,2026-09-03,CONFIRMED,[대구 삼성 라이온즈 파크 · 삼성 라이온즈] team_code: SAMSUNG / stadium_code: DAEGU / zone_code: SKY_UPPER_1B3B / zone_name_ko: 1·3루 SKY 상단 지정석 / level: 4F / seat_type: RESERVED / accessible: N / description: 2026 삼성 공식 좌석·티켓 이미지 기준
2026,SAMSUNG,DAEGU,SKY_UPPER_CENTER,중앙 SKY 상단 지정석,4F,CENTER,RESERVED,,N,2026 삼성 공식 좌석·티켓 이미지 기준,OFFICIAL,S058,2026-09-03,CONFIRMED,[대구 삼성 라이온즈 파크 · 삼성 라이온즈] team_code: SAMSUNG / stadium_code: DAEGU / zone_code: SKY_UPPER_CENTER / zone_name_ko: 중앙 SKY 상단 지정석 / level: 4F / side: CENTER / seat_type: RESERVED / accessible: N / description: 2026 삼성 공식 좌석·티켓 이미지 기준
2026,SAMSUNG,DAEGU,OUTFIELD_RESERVED,외야지정석,,OUTFIELD,RESERVED,,N,2026 삼성 공식 좌석·티켓 이미지 기준,OFFICIAL,S058,2026-09-03,CONFIRMED,[대구 삼성 라이온즈 파크 · 삼성 라이온즈] team_code: SAMSUNG / stadium_code: DAEGU / zone_code: OUTFIELD_RESERVED / zone_name_ko: 외야지정석 / side: OUTFIELD / seat_type: RESERVED / accessible: N / description: 2026 삼성 공식 좌석·티켓 이미지 기준
2026,SAMSUNG,DAEGU,HABITAT_FAMILY,한국해비타트 외야패밀리석,,OUTFIELD,FAMILY,,N,2026 삼성 공식 좌석·티켓 이미지 기준,OFFICIAL,S058,2026-09-03,CONFIRMED,[대구 삼성 라이온즈 파크 · 삼성 라이온즈] team_code: SAMSUNG / stadium_code: DAEGU / zone_code: HABITAT_FAMILY / zone_name_ko: 한국해비타트 외야패밀리석 / side: OUTFIELD / seat_type: FAMILY / accessible: N / description: 2026 삼성 공식 좌석·티켓 이미지 기준
2026,SAMSUNG,DAEGU,OUTFIELD_TABLE_4,외야테이블석(4인),,OUTFIELD,TABLE,4,N,2026 삼성 공식 좌석·티켓 이미지 기준,OFFICIAL,S058,2026-09-03,CONFIRMED,[대구 삼성 라이온즈 파크 · 삼성 라이온즈] team_code: SAMSUNG / stadium_code: DAEGU / zone_code: OUTFIELD_TABLE_4 / zone_name_ko: 외야테이블석(4인) / side: OUTFIELD / seat_type: TABLE / group_size: 4 / accessible: N / description: 2026 삼성 공식 좌석·티켓 이미지 기준
2026,SAMSUNG,DAEGU,OUTFIELD_TABLE_8,외야테이블석(8인),,OUTFIELD,TABLE,8,N,2026 삼성 공식 좌석·티켓 이미지 기준,OFFICIAL,S058,2026-09-03,CONFIRMED,[대구 삼성 라이온즈 파크 · 삼성 라이온즈] team_code: SAMSUNG / stadium_code: DAEGU / zone_code: OUTFIELD_TABLE_8 / zone_name_ko: 외야테이블석(8인) / side: OUTFIELD / seat_type: TABLE / group_size: 8 / accessible: N / description: 2026 삼성 공식 좌석·티켓 이미지 기준
2026,SAMSUNG,DAEGU,OUTFIELD_COUPLE_TABLE,외야커플테이블석,,OUTFIELD,COUPLE,2,N,2026 삼성 공식 좌석·티켓 이미지 기준,OFFICIAL,S058,2026-09-03,CONFIRMED,[대구 삼성 라이온즈 파크 · 삼성 라이온즈] team_code: SAMSUNG / stadium_code: DAEGU / zone_code: OUTFIELD_COUPLE_TABLE / zone_name_ko: 외야커플테이블석 / side: OUTFIELD / seat_type: COUPLE / group_size: 2 / accessible: N / description: 2026 삼성 공식 좌석·티켓 이미지 기준
2026,SAMSUNG,DAEGU,ROOFTOP_TABLE,루프탑테이블석,,OUTFIELD,TABLE,,N,2026 삼성 공식 좌석·티켓 이미지 기준,OFFICIAL,S058,2026-09-03,CONFIRMED,[대구 삼성 라이온즈 파크 · 삼성 라이온즈] team_code: SAMSUNG / stadium_code: DAEGU / zone_code: ROOFTOP_TABLE / zone_name_ko: 루프탑테이블석 / side: OUTFIELD / seat_type: TABLE / accessible: N / description: 2026 삼성 공식 좌석·티켓 이미지 기준
2026,SAMSUNG,DAEGU,PARTY_FLOOR_LIVE,파티플로어 라이브석,4F,,SPECIAL,,N,2026 삼성 공식 좌석·티켓 이미지 기준,OFFICIAL,S058,2026-09-03,CONFIRMED,[대구 삼성 라이온즈 파크 · 삼성 라이온즈] team_code: SAMSUNG / stadium_code: DAEGU / zone_code: PARTY_FLOOR_LIVE / zone_name_ko: 파티플로어 라이브석 / level: 4F / seat_type: SPECIAL / accessible: N / description: 2026 삼성 공식 좌석·티켓 이미지 기준
2026,SAMSUNG,DAEGU,GRASS_GREEN,잔디그린존,,OUTFIELD,GRASS,,N,2026 삼성 공식 좌석·티켓 이미지 기준,OFFICIAL,S058,2026-09-03,CONFIRMED,[대구 삼성 라이온즈 파크 · 삼성 라이온즈] team_code: SAMSUNG / stadium_code: DAEGU / zone_code: GRASS_GREEN / zone_name_ko: 잔디그린존 / side: OUTFIELD / seat_type: GRASS / accessible: N / description: 2026 삼성 공식 좌석·티켓 이미지 기준
2026,SAMSUNG,DAEGU,IM_BANK_CAMPING,iM뱅크 캠핑존,,OUTFIELD,GROUP,6,N,2026 삼성 공식 좌석·티켓 이미지 기준,OFFICIAL,S058,2026-09-03,CONFIRMED,[대구 삼성 라이온즈 파크 · 삼성 라이온즈] team_code: SAMSUNG / stadium_code: DAEGU / zone_code: IM_BANK_CAMPING / zone_name_ko: iM뱅크 캠핑존 / side: OUTFIELD / seat_type: GROUP / group_size: 6 / accessible: N / description: 2026 삼성 공식 좌석·티켓 이미지 기준
2026,SAMSUNG,DAEGU,WHEELCHAIR,장애인(휠체어)석,,INFIELD,ACCESSIBLE,,Y,2026 삼성 공식 좌석·티켓 이미지 기준,OFFICIAL,S058,2026-09-03,CONFIRMED,[대구 삼성 라이온즈 파크 · 삼성 라이온즈] team_code: SAMSUNG / stadium_code: DAEGU / zone_code: WHEELCHAIR / zone_name_ko: 장애인(휠체어)석 / side: INFIELD / seat_type: ACCESSIBLE / accessible: Y / description: 2026 삼성 공식 좌석·티켓 이미지 기준
2026,SAMSUNG,DAEGU,SWEET_BOX,스윗박스,4F,,SKYBOX,,N,2026 좌석도에는 표시되나 일반 가격표에는 요금 미표시,OFFICIAL,S058,2026-09-03,PARTIAL,[대구 삼성 라이온즈 파크 · 삼성 라이온즈] team_code: SAMSUNG / stadium_code: DAEGU / zone_code: SWEET_BOX / zone_name_ko: 스윗박스 / level: 4F / seat_type: SKYBOX / accessible: N / description: 2026 좌석도에는 표시되나 일반 가격표에는 요금 미표시 (공식 확인 전 정보로 정확하지 않을 수 있습니다.)
2026,KIA,GWANGJU,CHAMPION,챔피언석,,CENTER,PREMIUM,,N,2026 KIA 공식 좌석도·가격표 기준,OFFICIAL,S061,2026-09-03,CONFIRMED,[광주-KIA 챔피언스 필드 · KIA 타이거즈] team_code: KIA / stadium_code: GWANGJU / zone_code: CHAMPION / zone_name_ko: 챔피언석 / side: CENTER / seat_type: PREMIUM / accessible: N / description: 2026 KIA 공식 좌석도·가격표 기준
2026,KIA,GWANGJU,CENTER_TABLE,중앙테이블석,,CENTER,TABLE,2·3인,N,2026 KIA 공식 좌석도·가격표 기준,OFFICIAL,S061,2026-09-03,CONFIRMED,[광주-KIA 챔피언스 필드 · KIA 타이거즈] team_code: KIA / stadium_code: GWANGJU / zone_code: CENTER_TABLE / zone_name_ko: 중앙테이블석 / side: CENTER / seat_type: TABLE / group_size: 2·3인 / accessible: N / description: 2026 KIA 공식 좌석도·가격표 기준
2026,KIA,GWANGJU,ACCESSIBLE_RESERVED,장애인지정석,,INFIELD,ACCESSIBLE,,Y,2026 KIA 공식 좌석도·가격표 기준,OFFICIAL,S061,2026-09-03,CONFIRMED,[광주-KIA 챔피언스 필드 · KIA 타이거즈] team_code: KIA / stadium_code: GWANGJU / zone_code: ACCESSIBLE_RESERVED / zone_name_ko: 장애인지정석 / side: INFIELD / seat_type: ACCESSIBLE / accessible: Y / description: 2026 KIA 공식 좌석도·가격표 기준
2026,KIA,GWANGJU,K9,K9,,INFIELD,RESERVED,,N,2026 KIA 공식 좌석도·가격표 기준,OFFICIAL,S061,2026-09-03,CONFIRMED,[광주-KIA 챔피언스 필드 · KIA 타이거즈] team_code: KIA / stadium_code: GWANGJU / zone_code: K9 / zone_name_ko: K9 / side: INFIELD / seat_type: RESERVED / accessible: N / description: 2026 KIA 공식 좌석도·가격표 기준
2026,KIA,GWANGJU,K8,K8,,INFIELD,RESERVED,,N,2026 KIA 공식 좌석도·가격표 기준,OFFICIAL,S061,2026-09-03,CONFIRMED,[광주-KIA 챔피언스 필드 · KIA 타이거즈] team_code: KIA / stadium_code: GWANGJU / zone_code: K8 / zone_name_ko: K8 / side: INFIELD / seat_type: RESERVED / accessible: N / description: 2026 KIA 공식 좌석도·가격표 기준
2026,KIA,GWANGJU,K5,K5,,INFIELD,RESERVED,,N,2026 KIA 공식 좌석도·가격표 기준,OFFICIAL,S061,2026-09-03,CONFIRMED,[광주-KIA 챔피언스 필드 · KIA 타이거즈] team_code: KIA / stadium_code: GWANGJU / zone_code: K5 / zone_name_ko: K5 / side: INFIELD / seat_type: RESERVED / accessible: N / description: 2026 KIA 공식 좌석도·가격표 기준
2026,KIA,GWANGJU,SURPRISE,서프라이즈석,,INFIELD,SPECIAL,,N,2026 KIA 공식 좌석도·가격표 기준,OFFICIAL,S061,2026-09-03,CONFIRMED,[광주-KIA 챔피언스 필드 · KIA 타이거즈] team_code: KIA / stadium_code: GWANGJU / zone_code: SURPRISE / zone_name_ko: 서프라이즈석 / side: INFIELD / seat_type: SPECIAL / accessible: N / description: 2026 KIA 공식 좌석도·가격표 기준
2026,KIA,GWANGJU,TIGERS_FAMILY,타이거즈가족석,,INFIELD,FAMILY,4·6인,N,2026 KIA 공식 좌석도·가격표 기준,OFFICIAL,S061,2026-09-03,CONFIRMED,[광주-KIA 챔피언스 필드 · KIA 타이거즈] team_code: KIA / stadium_code: GWANGJU / zone_code: TIGERS_FAMILY / zone_name_ko: 타이거즈가족석 / side: INFIELD / seat_type: FAMILY / group_size: 4·6인 / accessible: N / description: 2026 KIA 공식 좌석도·가격표 기준
2026,KIA,GWANGJU,WHEELCHAIR,휠체어석,,INFIELD,ACCESSIBLE,,Y,2026 KIA 공식 좌석도·가격표 기준,OFFICIAL,S061,2026-09-03,CONFIRMED,[광주-KIA 챔피언스 필드 · KIA 타이거즈] team_code: KIA / stadium_code: GWANGJU / zone_code: WHEELCHAIR / zone_name_ko: 휠체어석 / side: INFIELD / seat_type: ACCESSIBLE / accessible: Y / description: 2026 KIA 공식 좌석도·가격표 기준
2026,KIA,GWANGJU,PARTY_4F,4층파티석,4F,,GROUP,4,N,2026 KIA 공식 좌석도·가격표 기준,OFFICIAL,S061,2026-09-03,CONFIRMED,[광주-KIA 챔피언스 필드 · KIA 타이거즈] team_code: KIA / stadium_code: GWANGJU / zone_code: PARTY_4F / zone_name_ko: 4층파티석 / level: 4F / seat_type: GROUP / group_size: 4 / accessible: N / description: 2026 KIA 공식 좌석도·가격표 기준
2026,KIA,GWANGJU,SKYBOX,스카이박스,,,SKYBOX,10·14·18인,N,2026 KIA 공식 좌석도·가격표 기준,OFFICIAL,S061,2026-09-03,CONFIRMED,[광주-KIA 챔피언스 필드 · KIA 타이거즈] team_code: KIA / stadium_code: GWANGJU / zone_code: SKYBOX / zone_name_ko: 스카이박스 / seat_type: SKYBOX / group_size: 10·14·18인 / accessible: N / description: 2026 KIA 공식 좌석도·가격표 기준
2026,KIA,GWANGJU,EV,EV석,,INFIELD,RESERVED,,N,2026 KIA 공식 좌석도·가격표 기준,OFFICIAL,S061,2026-09-03,CONFIRMED,[광주-KIA 챔피언스 필드 · KIA 타이거즈] team_code: KIA / stadium_code: GWANGJU / zone_code: EV / zone_name_ko: EV석 / side: INFIELD / seat_type: RESERVED / accessible: N / description: 2026 KIA 공식 좌석도·가격표 기준
2026,KIA,GWANGJU,MEDIHEAL_TABLE,메디힐 테이블석,5F,,TABLE,2·3인,N,2026 KIA 공식 좌석도·가격표 기준,OFFICIAL,S061,2026-09-03,CONFIRMED,[광주-KIA 챔피언스 필드 · KIA 타이거즈] team_code: KIA / stadium_code: GWANGJU / zone_code: MEDIHEAL_TABLE / zone_name_ko: 메디힐 테이블석 / level: 5F / seat_type: TABLE / group_size: 2·3인 / accessible: N / description: 2026 KIA 공식 좌석도·가격표 기준
2026,KIA,GWANGJU,OUTFIELD,외야석,,OUTFIELD,RESERVED,,N,2026 KIA 공식 좌석도·가격표 기준,OFFICIAL,S061,2026-09-03,CONFIRMED,[광주-KIA 챔피언스 필드 · KIA 타이거즈] team_code: KIA / stadium_code: GWANGJU / zone_code: OUTFIELD / zone_name_ko: 외야석 / side: OUTFIELD / seat_type: RESERVED / accessible: N / description: 2026 KIA 공식 좌석도·가격표 기준
2026,KIA,GWANGJU,OUTFIELD_TABLE,외야테이블석,,OUTFIELD,TABLE,,N,2026 KIA 공식 좌석도·가격표 기준,OFFICIAL,S061,2026-09-03,CONFIRMED,[광주-KIA 챔피언스 필드 · KIA 타이거즈] team_code: KIA / stadium_code: GWANGJU / zone_code: OUTFIELD_TABLE / zone_name_ko: 외야테이블석 / side: OUTFIELD / seat_type: TABLE / accessible: N / description: 2026 KIA 공식 좌석도·가격표 기준
2026,KIA,GWANGJU,SPECIAL_CHEER,응원특별석,3F,,CHEERING,,N,2026 KIA 공식 좌석도·가격표 기준,OFFICIAL,S061,2026-09-03,CONFIRMED,[광주-KIA 챔피언스 필드 · KIA 타이거즈] team_code: KIA / stadium_code: GWANGJU / zone_code: SPECIAL_CHEER / zone_name_ko: 응원특별석 / level: 3F / seat_type: CHEERING / accessible: N / description: 2026 KIA 공식 좌석도·가격표 기준
2026,KIA,GWANGJU,OUTFIELD_FAMILY,외야가족석,,OUTFIELD,FAMILY,6,N,2026 가격표에는 별도 상품으로 확인. 좌석도 내 세부 표기는 추가 확인 필요,OFFICIAL,S080,2026-09-03,PARTIAL,[광주-KIA 챔피언스 필드 · KIA 타이거즈] team_code: KIA / stadium_code: GWANGJU / zone_code: OUTFIELD_FAMILY / zone_name_ko: 외야가족석 / side: OUTFIELD / seat_type: FAMILY / group_size: 6 / accessible: N / description: 2026 가격표에는 별도 상품으로 확인. 좌석도 내 세부 표기는 추가 확인 필요 (공식 확인 전 정보로 정확하지 않을 수 있습니다.)
2026,KT,SUWON,CATCHER_TABLE_A,포수 뒤 테이블석 A,,CENTER,TABLE,,N,2026 KT 공식 가격표에 표시된 현재 판매 상품,OFFICIAL,S091,2026-09-03,CONFIRMED,[수원 KT 위즈 파크 · KT 위즈] team_code: KT / stadium_code: SUWON / zone_code: CATCHER_TABLE_A / zone_name_ko: 포수 뒤 테이블석 A / side: CENTER / seat_type: TABLE / accessible: N / description: 2026 KT 공식 가격표에 표시된 현재 판매 상품
2026,KT,SUWON,CATCHER_TABLE_B,포수 뒤 테이블석 B,,CENTER,TABLE,,N,2026 KT 공식 가격표에 표시된 현재 판매 상품,OFFICIAL,S091,2026-09-03,CONFIRMED,[수원 KT 위즈 파크 · KT 위즈] team_code: KT / stadium_code: SUWON / zone_code: CATCHER_TABLE_B / zone_name_ko: 포수 뒤 테이블석 B / side: CENTER / seat_type: TABLE / accessible: N / description: 2026 KT 공식 가격표에 표시된 현재 판매 상품
2026,KT,SUWON,CENTER_TABLE,중앙테이블석,,CENTER,TABLE,,N,2026 KT 공식 가격표에 표시된 현재 판매 상품,OFFICIAL,S091,2026-09-03,CONFIRMED,[수원 KT 위즈 파크 · KT 위즈] team_code: KT / stadium_code: SUWON / zone_code: CENTER_TABLE / zone_name_ko: 중앙테이블석 / side: CENTER / seat_type: TABLE / accessible: N / description: 2026 KT 공식 가격표에 표시된 현재 판매 상품
2026,KT,SUWON,EXCITING,익사이팅석,,INFIELD,SPECIAL,,N,2026 KT 공식 가격표에 표시된 현재 판매 상품,OFFICIAL,S091,2026-09-03,CONFIRMED,[수원 KT 위즈 파크 · KT 위즈] team_code: KT / stadium_code: SUWON / zone_code: EXCITING / zone_name_ko: 익사이팅석 / side: INFIELD / seat_type: SPECIAL / accessible: N / description: 2026 KT 공식 가격표에 표시된 현재 판매 상품
2026,KT,SUWON,CHEERING_RESERVED,응원지정석,,INFIELD,CHEERING,,N,2026 KT 공식 가격표에 표시된 현재 판매 상품,OFFICIAL,S091,2026-09-03,CONFIRMED,[수원 KT 위즈 파크 · KT 위즈] team_code: KT / stadium_code: SUWON / zone_code: CHEERING_RESERVED / zone_name_ko: 응원지정석 / side: INFIELD / seat_type: CHEERING / accessible: N / description: 2026 KT 공식 가격표에 표시된 현재 판매 상품
2026,KT,SUWON,WHEELCHAIR,휠체어석(장애인),,INFIELD,ACCESSIBLE,,Y,2026 KT 공식 가격표에 표시된 현재 판매 상품,OFFICIAL,S091,2026-09-03,CONFIRMED,[수원 KT 위즈 파크 · KT 위즈] team_code: KT / stadium_code: SUWON / zone_code: WHEELCHAIR / zone_name_ko: 휠체어석(장애인) / side: INFIELD / seat_type: ACCESSIBLE / accessible: Y / description: 2026 KT 공식 가격표에 표시된 현재 판매 상품
2026,KT,SUWON,SKY_ZONE_5F,스카이존(5F),5F,,RESERVED,,N,2026 KT 공식 가격표에 표시된 현재 판매 상품,OFFICIAL,S091,2026-09-03,CONFIRMED,[수원 KT 위즈 파크 · KT 위즈] team_code: KT / stadium_code: SUWON / zone_code: SKY_ZONE_5F / zone_name_ko: 스카이존(5F) / level: 5F / seat_type: RESERVED / accessible: N / description: 2026 KT 공식 가격표에 표시된 현재 판매 상품
2026,KT,SUWON,OUTFIELD_TABLE,외야테이블석,,OUTFIELD,TABLE,,N,2026 KT 공식 가격표에 표시된 현재 판매 상품,OFFICIAL,S091,2026-09-03,CONFIRMED,[수원 KT 위즈 파크 · KT 위즈] team_code: KT / stadium_code: SUWON / zone_code: OUTFIELD_TABLE / zone_name_ko: 외야테이블석 / side: OUTFIELD / seat_type: TABLE / accessible: N / description: 2026 KT 공식 가격표에 표시된 현재 판매 상품
2026,KT,SUWON,WIZ_CAMPING,위즈 캠핑존,,OUTFIELD,GROUP,,N,2026 KT 공식 가격표에 표시된 현재 판매 상품,OFFICIAL,S091,2026-09-03,CONFIRMED,[수원 KT 위즈 파크 · KT 위즈] team_code: KT / stadium_code: SUWON / zone_code: WIZ_CAMPING / zone_name_ko: 위즈 캠핑존 / side: OUTFIELD / seat_type: GROUP / accessible: N / description: 2026 KT 공식 가격표에 표시된 현재 판매 상품
2026,KT,SUWON,OUTFIELD_GRASS,외야 잔디 자유석,,OUTFIELD,GRASS,,N,2026 KT 공식 가격표에 표시된 현재 판매 상품,OFFICIAL,S091,2026-09-03,CONFIRMED,[수원 KT 위즈 파크 · KT 위즈] team_code: KT / stadium_code: SUWON / zone_code: OUTFIELD_GRASS / zone_name_ko: 외야 잔디 자유석 / side: OUTFIELD / seat_type: GRASS / accessible: N / description: 2026 KT 공식 가격표에 표시된 현재 판매 상품
2026,KT,SUWON,OUTFIELD_BOX_1,외야BOX 1 (8인실),,OUTFIELD,GROUP,8,N,2026 KT 공식 가격표에 표시된 현재 판매 상품,OFFICIAL,S091,2026-09-03,CONFIRMED,[수원 KT 위즈 파크 · KT 위즈] team_code: KT / stadium_code: SUWON / zone_code: OUTFIELD_BOX_1 / zone_name_ko: 외야BOX 1 (8인실) / side: OUTFIELD / seat_type: GROUP / group_size: 8 / accessible: N / description: 2026 KT 공식 가격표에 표시된 현재 판매 상품
2026,KT,SUWON,OUTFIELD_BOX_2,외야BOX 2 (12인실),,OUTFIELD,GROUP,12,N,2026 KT 공식 가격표에 표시된 현재 판매 상품,OFFICIAL,S091,2026-09-03,CONFIRMED,[수원 KT 위즈 파크 · KT 위즈] team_code: KT / stadium_code: SUWON / zone_code: OUTFIELD_BOX_2 / zone_name_ko: 외야BOX 2 (12인실) / side: OUTFIELD / seat_type: GROUP / group_size: 12 / accessible: N / description: 2026 KT 공식 가격표에 표시된 현재 판매 상품
2026,KT,SUWON,SKYBOX_6,스카이박스 (6인실),,,SKYBOX,6,N,2026 KT 공식 가격표에 표시된 현재 판매 상품,OFFICIAL,S091,2026-09-03,CONFIRMED,[수원 KT 위즈 파크 · KT 위즈] team_code: KT / stadium_code: SUWON / zone_code: SKYBOX_6 / zone_name_ko: 스카이박스 (6인실) / seat_type: SKYBOX / group_size: 6 / accessible: N / description: 2026 KT 공식 가격표에 표시된 현재 판매 상품
2026,KT,SUWON,SKYBOX_8,스카이박스 (8인실),,,SKYBOX,8,N,2026 KT 공식 가격표에 표시된 현재 판매 상품,OFFICIAL,S091,2026-09-03,CONFIRMED,[수원 KT 위즈 파크 · KT 위즈] team_code: KT / stadium_code: SUWON / zone_code: SKYBOX_8 / zone_name_ko: 스카이박스 (8인실) / seat_type: SKYBOX / group_size: 8 / accessible: N / description: 2026 KT 공식 가격표에 표시된 현재 판매 상품
2026,KT,SUWON,SKYBOX_10,스카이박스 (10인실),,,SKYBOX,10,N,2026 KT 공식 가격표에 표시된 현재 판매 상품,OFFICIAL,S091,2026-09-03,CONFIRMED,[수원 KT 위즈 파크 · KT 위즈] team_code: KT / stadium_code: SUWON / zone_code: SKYBOX_10 / zone_name_ko: 스카이박스 (10인실) / seat_type: SKYBOX / group_size: 10 / accessible: N / description: 2026 KT 공식 가격표에 표시된 현재 판매 상품
2026,KT,SUWON,SKYBOX_12,스카이박스 (12인실),,,SKYBOX,12,N,2026 KT 공식 가격표에 표시된 현재 판매 상품,OFFICIAL,S091,2026-09-03,CONFIRMED,[수원 KT 위즈 파크 · KT 위즈] team_code: KT / stadium_code: SUWON / zone_code: SKYBOX_12 / zone_name_ko: 스카이박스 (12인실) / seat_type: SKYBOX / group_size: 12 / accessible: N / description: 2026 KT 공식 가격표에 표시된 현재 판매 상품
2026,KT,SUWON,SKYBOX_20,스카이박스 (20인실),,,SKYBOX,20,N,2026 KT 공식 가격표에 표시된 현재 판매 상품,OFFICIAL,S091,2026-09-03,CONFIRMED,[수원 KT 위즈 파크 · KT 위즈] team_code: KT / stadium_code: SUWON / zone_code: SKYBOX_20 / zone_name_ko: 스카이박스 (20인실) / seat_type: SKYBOX / group_size: 20 / accessible: N / description: 2026 KT 공식 가격표에 표시된 현재 판매 상품
2026,KT,SUWON,SKYBOX_24,스카이박스 (24인실),,,SKYBOX,24,N,2026 KT 공식 가격표에 표시된 현재 판매 상품,OFFICIAL,S091,2026-09-03,CONFIRMED,[수원 KT 위즈 파크 · KT 위즈] team_code: KT / stadium_code: SUWON / zone_code: SKYBOX_24 / zone_name_ko: 스카이박스 (24인실) / seat_type: SKYBOX / group_size: 24 / accessible: N / description: 2026 KT 공식 가격표에 표시된 현재 판매 상품
2026,LOTTE,SAJIK,INFIELD_UPPER_1B,1루내야상단석,,INFIELD,RESERVED,,N,2026 롯데 공식 좌석·요금 안내 기준,OFFICIAL,S092,2026-09-03,CONFIRMED,[사직야구장 · 롯데 자이언츠] team_code: LOTTE / stadium_code: SAJIK / zone_code: INFIELD_UPPER_1B / zone_name_ko: 1루내야상단석 / side: INFIELD / seat_type: RESERVED / accessible: N / description: 2026 롯데 공식 좌석·요금 안내 기준
2026,LOTTE,SAJIK,INFIELD_UPPER_3B_A,3루내야상단석A,,INFIELD,RESERVED,,N,2026 롯데 공식 좌석·요금 안내 기준,OFFICIAL,S092,2026-09-03,CONFIRMED,[사직야구장 · 롯데 자이언츠] team_code: LOTTE / stadium_code: SAJIK / zone_code: INFIELD_UPPER_3B_A / zone_name_ko: 3루내야상단석A / side: INFIELD / seat_type: RESERVED / accessible: N / description: 2026 롯데 공식 좌석·요금 안내 기준
2026,LOTTE,SAJIK,INFIELD_UPPER_3B_B,3루내야상단석B,,INFIELD,RESERVED,,N,2026 롯데 공식 좌석·요금 안내 기준,OFFICIAL,S092,2026-09-03,CONFIRMED,[사직야구장 · 롯데 자이언츠] team_code: LOTTE / stadium_code: SAJIK / zone_code: INFIELD_UPPER_3B_B / zone_name_ko: 3루내야상단석B / side: INFIELD / seat_type: RESERVED / accessible: N / description: 2026 롯데 공식 좌석·요금 안내 기준
2026,LOTTE,SAJIK,CENTER_UPPER,중앙상단석,,CENTER,RESERVED,,N,2026 롯데 공식 좌석·요금 안내 기준,OFFICIAL,S092,2026-09-03,CONFIRMED,[사직야구장 · 롯데 자이언츠] team_code: LOTTE / stadium_code: SAJIK / zone_code: CENTER_UPPER / zone_name_ko: 중앙상단석 / side: CENTER / seat_type: RESERVED / accessible: N / description: 2026 롯데 공식 좌석·요금 안내 기준
2026,LOTTE,SAJIK,OUTFIELD_1B,1루외야석,,OUTFIELD,RESERVED,,N,2026 롯데 공식 좌석·요금 안내 기준,OFFICIAL,S092,2026-09-03,CONFIRMED,[사직야구장 · 롯데 자이언츠] team_code: LOTTE / stadium_code: SAJIK / zone_code: OUTFIELD_1B / zone_name_ko: 1루외야석 / side: OUTFIELD / seat_type: RESERVED / accessible: N / description: 2026 롯데 공식 좌석·요금 안내 기준
2026,LOTTE,SAJIK,OUTFIELD_3B,3루외야석,,OUTFIELD,RESERVED,,N,2026 롯데 공식 좌석·요금 안내 기준,OFFICIAL,S092,2026-09-03,CONFIRMED,[사직야구장 · 롯데 자이언츠] team_code: LOTTE / stadium_code: SAJIK / zone_code: OUTFIELD_3B / zone_name_ko: 3루외야석 / side: OUTFIELD / seat_type: RESERVED / accessible: N / description: 2026 롯데 공식 좌석·요금 안내 기준
2026,LOTTE,SAJIK,AVENUEL_GROUND,에비뉴엘석(그라운드석),,INFIELD,PREMIUM,,N,2026 롯데 공식 좌석·요금 안내 기준,OFFICIAL,S092,2026-09-03,CONFIRMED,[사직야구장 · 롯데 자이언츠] team_code: LOTTE / stadium_code: SAJIK / zone_code: AVENUEL_GROUND / zone_name_ko: 에비뉴엘석(그라운드석) / side: INFIELD / seat_type: PREMIUM / accessible: N / description: 2026 롯데 공식 좌석·요금 안내 기준
2026,LOTTE,SAJIK,AVENUEL_GROUND_OBSTRUCTED,에비뉴엘석(그라운드석)(시야방해),,INFIELD,PREMIUM,,N,2026 공식 요금표가 시야방해석으로 별도 분류,OFFICIAL,S092,2026-09-03,CONFIRMED,[사직야구장 · 롯데 자이언츠] team_code: LOTTE / stadium_code: SAJIK / zone_code: AVENUEL_GROUND_OBSTRUCTED / zone_name_ko: 에비뉴엘석(그라운드석)(시야방해) / side: INFIELD / seat_type: PREMIUM / accessible: N / description: 2026 공식 요금표가 시야방해석으로 별도 분류
2026,LOTTE,SAJIK,CENTER_TABLE,중앙탁자석,,CENTER,TABLE,,N,2026 롯데 공식 좌석·요금 안내 기준,OFFICIAL,S092,2026-09-03,CONFIRMED,[사직야구장 · 롯데 자이언츠] team_code: LOTTE / stadium_code: SAJIK / zone_code: CENTER_TABLE / zone_name_ko: 중앙탁자석 / side: CENTER / seat_type: TABLE / accessible: N / description: 2026 롯데 공식 좌석·요금 안내 기준
2026,LOTTE,SAJIK,MEDIHEAL_WIDE_TABLE,메디힐존(와이드탁자석),,INFIELD,TABLE,,N,2026 롯데 공식 좌석·요금 안내 기준,OFFICIAL,S092,2026-09-03,CONFIRMED,[사직야구장 · 롯데 자이언츠] team_code: LOTTE / stadium_code: SAJIK / zone_code: MEDIHEAL_WIDE_TABLE / zone_name_ko: 메디힐존(와이드탁자석) / side: INFIELD / seat_type: TABLE / accessible: N / description: 2026 롯데 공식 좌석·요금 안내 기준
2026,LOTTE,SAJIK,NAVER_CLIP_CHEER_TABLE,네이버 클립존(응원탁자석),,INFIELD,CHEERING_TABLE,,N,2026 롯데 공식 좌석·요금 안내 기준,OFFICIAL,S092,2026-09-03,CONFIRMED,[사직야구장 · 롯데 자이언츠] team_code: LOTTE / stadium_code: SAJIK / zone_code: NAVER_CLIP_CHEER_TABLE / zone_name_ko: 네이버 클립존(응원탁자석) / side: INFIELD / seat_type: CHEERING_TABLE / accessible: N / description: 2026 롯데 공식 좌석·요금 안내 기준
2026,LOTTE,SAJIK,PREMIUM_3B,3루 프리미엄석,,3B,PREMIUM,,N,2026 롯데 공식 좌석·요금 안내 기준,OFFICIAL,S092,2026-09-03,CONFIRMED,[사직야구장 · 롯데 자이언츠] team_code: LOTTE / stadium_code: SAJIK / zone_code: PREMIUM_3B / zone_name_ko: 3루 프리미엄석 / side: 3B / seat_type: PREMIUM / accessible: N / description: 2026 롯데 공식 좌석·요금 안내 기준
2026,LOTTE,SAJIK,INFIELD_TABLE,내야탁자석,,INFIELD,TABLE,,N,2026 롯데 공식 좌석·요금 안내 기준,OFFICIAL,S092,2026-09-03,CONFIRMED,[사직야구장 · 롯데 자이언츠] team_code: LOTTE / stadium_code: SAJIK / zone_code: INFIELD_TABLE / zone_name_ko: 내야탁자석 / side: INFIELD / seat_type: TABLE / accessible: N / description: 2026 롯데 공식 좌석·요금 안내 기준
2026,LOTTE,SAJIK,CENTER_UPPER_TABLE,중앙상단탁자석,,CENTER,TABLE,,N,2026 롯데 공식 좌석·요금 안내 기준,OFFICIAL,S092,2026-09-03,CONFIRMED,[사직야구장 · 롯데 자이언츠] team_code: LOTTE / stadium_code: SAJIK / zone_code: CENTER_UPPER_TABLE / zone_name_ko: 중앙상단탁자석 / side: CENTER / seat_type: TABLE / accessible: N / description: 2026 롯데 공식 좌석·요금 안내 기준
2026,LOTTE,SAJIK,CENTER_UPPER_TABLE_OBSTRUCTED,중앙상단탁자석(시야방해),,CENTER,TABLE,,N,2026 공식 요금표가 시야방해석으로 별도 분류,OFFICIAL,S092,2026-09-03,CONFIRMED,[사직야구장 · 롯데 자이언츠] team_code: LOTTE / stadium_code: SAJIK / zone_code: CENTER_UPPER_TABLE_OBSTRUCTED / zone_name_ko: 중앙상단탁자석(시야방해) / side: CENTER / seat_type: TABLE / accessible: N / description: 2026 공식 요금표가 시야방해석으로 별도 분류
2026,LOTTE,SAJIK,THREEDISM_3B_GROUP,쓰리디즘글라스존(3루단체석),,3B,GROUP,,N,2026 롯데 공식 좌석·요금 안내 기준,OFFICIAL,S092,2026-09-03,CONFIRMED,[사직야구장 · 롯데 자이언츠] team_code: LOTTE / stadium_code: SAJIK / zone_code: THREEDISM_3B_GROUP / zone_name_ko: 쓰리디즘글라스존(3루단체석) / side: 3B / seat_type: GROUP / accessible: N / description: 2026 롯데 공식 좌석·요금 안내 기준
2026,LOTTE,SAJIK,THREEDISM_3B_GROUP_OBSTRUCTED,쓰리디즘글라스존(3루단체석)(시야방해),,3B,GROUP,,N,2026 공식 요금표가 시야방해석으로 별도 분류,OFFICIAL,S092,2026-09-03,CONFIRMED,[사직야구장 · 롯데 자이언츠] team_code: LOTTE / stadium_code: SAJIK / zone_code: THREEDISM_3B_GROUP_OBSTRUCTED / zone_name_ko: 쓰리디즘글라스존(3루단체석)(시야방해) / side: 3B / seat_type: GROUP / accessible: N / description: 2026 공식 요금표가 시야방해석으로 별도 분류
2026,LOTTE,SAJIK,RENAULT_GLAMPING,르노존(외야 글램핑존),,OUTFIELD,GROUP,,N,2026 롯데 공식 좌석·요금 안내 기준,OFFICIAL,S092,2026-09-03,CONFIRMED,[사직야구장 · 롯데 자이언츠] team_code: LOTTE / stadium_code: SAJIK / zone_code: RENAULT_GLAMPING / zone_name_ko: 르노존(외야 글램핑존) / side: OUTFIELD / seat_type: GROUP / accessible: N / description: 2026 롯데 공식 좌석·요금 안내 기준
2026,LOTTE,SAJIK,JUNGKWANJANG_OUTFIELD_TABLE,정관장 에브리타임존(외야탁자석),,OUTFIELD,TABLE,,N,2026 롯데 공식 좌석·요금 안내 기준,OFFICIAL,S092,2026-09-03,CONFIRMED,[사직야구장 · 롯데 자이언츠] team_code: LOTTE / stadium_code: SAJIK / zone_code: JUNGKWANJANG_OUTFIELD_TABLE / zone_name_ko: 정관장 에브리타임존(외야탁자석) / side: OUTFIELD / seat_type: TABLE / accessible: N / description: 2026 롯데 공식 좌석·요금 안내 기준
2026,LOTTE,SAJIK,INFIELD_FIELD_1B,1루 내야필드석,,1B,RESERVED,,N,2026 롯데 공식 좌석·요금 안내 기준,OFFICIAL,S092,2026-09-03,CONFIRMED,[사직야구장 · 롯데 자이언츠] team_code: LOTTE / stadium_code: SAJIK / zone_code: INFIELD_FIELD_1B / zone_name_ko: 1루 내야필드석 / side: 1B / seat_type: RESERVED / accessible: N / description: 2026 롯데 공식 좌석·요금 안내 기준
2026,LOTTE,SAJIK,INFIELD_FIELD_3B_A,3루 내야필드석 A,,3B,RESERVED,,N,2026 롯데 공식 좌석·요금 안내 기준,OFFICIAL,S092,2026-09-03,CONFIRMED,[사직야구장 · 롯데 자이언츠] team_code: LOTTE / stadium_code: SAJIK / zone_code: INFIELD_FIELD_3B_A / zone_name_ko: 3루 내야필드석 A / side: 3B / seat_type: RESERVED / accessible: N / description: 2026 롯데 공식 좌석·요금 안내 기준
2026,LOTTE,SAJIK,INFIELD_FIELD_3B_B,3루 내야필드석 B,,3B,RESERVED,,N,2026 롯데 공식 좌석·요금 안내 기준,OFFICIAL,S092,2026-09-03,CONFIRMED,[사직야구장 · 롯데 자이언츠] team_code: LOTTE / stadium_code: SAJIK / zone_code: INFIELD_FIELD_3B_B / zone_name_ko: 3루 내야필드석 B / side: 3B / seat_type: RESERVED / accessible: N / description: 2026 롯데 공식 좌석·요금 안내 기준
2026,LOTTE,SAJIK,CENTER_UPPER_OBSTRUCTED,중앙상단석(시야방해),,CENTER,RESERVED,,N,2026 공식 요금표가 시야방해석으로 별도 분류,OFFICIAL,S092,2026-09-03,CONFIRMED,[사직야구장 · 롯데 자이언츠] team_code: LOTTE / stadium_code: SAJIK / zone_code: CENTER_UPPER_OBSTRUCTED / zone_name_ko: 중앙상단석(시야방해) / side: CENTER / seat_type: RESERVED / accessible: N / description: 2026 공식 요금표가 시야방해석으로 별도 분류
2026,LOTTE,SAJIK,WHEELCHAIR,휠체어석,,,ACCESSIBLE,,Y,2026 롯데 공식 좌석·요금 안내 기준,OFFICIAL,S093,2026-09-03,CONFIRMED,[사직야구장 · 롯데 자이언츠] team_code: LOTTE / stadium_code: SAJIK / zone_code: WHEELCHAIR / zone_name_ko: 휠체어석 / seat_type: ACCESSIBLE / accessible: Y / description: 2026 롯데 공식 좌석·요금 안내 기준
2026,LOTTE,SAJIK,SKYBOX,스카이박스,,,SKYBOX,10,N,2026 롯데 공식 좌석·요금 안내 기준,OFFICIAL,S092,2026-09-03,CONFIRMED,[사직야구장 · 롯데 자이언츠] team_code: LOTTE / stadium_code: SAJIK / zone_code: SKYBOX / zone_name_ko: 스카이박스 / seat_type: SKYBOX / group_size: 10 / accessible: N / description: 2026 롯데 공식 좌석·요금 안내 기준
2026,NC,CHANGWON,PREMIUM,프리미엄석,,CENTER,PREMIUM,,N,2026-09-08 공식 예매 화면의 현재 판매 좌석 상품명,OFFICIAL,S094,2026-09-03,CONFIRMED,[창원 NC 파크 · NC 다이노스] team_code: NC / stadium_code: CHANGWON / zone_code: PREMIUM / zone_name_ko: 프리미엄석 / side: CENTER / seat_type: PREMIUM / accessible: N / description: 2026-09-08 공식 예매 화면의 현재 판매 좌석 상품명
2026,NC,CHANGWON,PREMIUM_TABLE,프리미엄 테이블석,,CENTER,TABLE,,N,2026-09-08 공식 예매 화면의 현재 판매 좌석 상품명,OFFICIAL,S094,2026-09-03,CONFIRMED,[창원 NC 파크 · NC 다이노스] team_code: NC / stadium_code: CHANGWON / zone_code: PREMIUM_TABLE / zone_name_ko: 프리미엄 테이블석 / side: CENTER / seat_type: TABLE / accessible: N / description: 2026-09-08 공식 예매 화면의 현재 판매 좌석 상품명
2026,NC,CHANGWON,TABLE,테이블석,,INFIELD,TABLE,,N,2026-09-08 공식 예매 화면의 현재 판매 좌석 상품명,OFFICIAL,S094,2026-09-03,CONFIRMED,[창원 NC 파크 · NC 다이노스] team_code: NC / stadium_code: CHANGWON / zone_code: TABLE / zone_name_ko: 테이블석 / side: INFIELD / seat_type: TABLE / accessible: N / description: 2026-09-08 공식 예매 화면의 현재 판매 좌석 상품명
2026,NC,CHANGWON,MINI_TABLE,미니 테이블석,,INFIELD,TABLE,,N,2026-09-08 공식 예매 화면의 현재 판매 좌석 상품명,OFFICIAL,S094,2026-09-03,CONFIRMED,[창원 NC 파크 · NC 다이노스] team_code: NC / stadium_code: CHANGWON / zone_code: MINI_TABLE / zone_name_ko: 미니 테이블석 / side: INFIELD / seat_type: TABLE / accessible: N / description: 2026-09-08 공식 예매 화면의 현재 판매 좌석 상품명
2026,NC,CHANGWON,INFIELD_1F_2F,내야석(1층/2층),1F·2F,INFIELD,RESERVED,,N,2026-09-08 공식 예매 화면의 현재 판매 좌석 상품명,OFFICIAL,S094,2026-09-03,CONFIRMED,[창원 NC 파크 · NC 다이노스] team_code: NC / stadium_code: CHANGWON / zone_code: INFIELD_1F_2F / zone_name_ko: 내야석(1층/2층) / level: 1F·2F / side: INFIELD / seat_type: RESERVED / accessible: N / description: 2026-09-08 공식 예매 화면의 현재 판매 좌석 상품명
2026,NC,CHANGWON,INFIELD_3F_4F,내야석(3층/4층),3F·4F,INFIELD,RESERVED,,N,2026-09-08 공식 예매 화면의 현재 판매 좌석 상품명,OFFICIAL,S094,2026-09-03,CONFIRMED,[창원 NC 파크 · NC 다이노스] team_code: NC / stadium_code: CHANGWON / zone_code: INFIELD_3F_4F / zone_name_ko: 내야석(3층/4층) / level: 3F·4F / side: INFIELD / seat_type: RESERVED / accessible: N / description: 2026-09-08 공식 예매 화면의 현재 판매 좌석 상품명
2026,NC,CHANGWON,OUTFIELD,외야석,,OUTFIELD,RESERVED,,N,2026-09-08 공식 예매 화면의 현재 판매 좌석 상품명,OFFICIAL,S094,2026-09-03,CONFIRMED,[창원 NC 파크 · NC 다이노스] team_code: NC / stadium_code: CHANGWON / zone_code: OUTFIELD / zone_name_ko: 외야석 / side: OUTFIELD / seat_type: RESERVED / accessible: N / description: 2026-09-08 공식 예매 화면의 현재 판매 좌석 상품명
2026,NC,CHANGWON,OUTFIELD_GRASS_5,외야잔디석 (5인),,OUTFIELD,GRASS,5,N,2026-09-08 공식 예매 화면의 현재 판매 좌석 상품명,OFFICIAL,S094,2026-09-03,CONFIRMED,[창원 NC 파크 · NC 다이노스] team_code: NC / stadium_code: CHANGWON / zone_code: OUTFIELD_GRASS_5 / zone_name_ko: 외야잔디석 (5인) / side: OUTFIELD / seat_type: GRASS / group_size: 5 / accessible: N / description: 2026-09-08 공식 예매 화면의 현재 판매 좌석 상품명
2026,NC,CHANGWON,BBQ_6,바베큐석 (6인),,OUTFIELD,BBQ,6,N,2026-09-08 공식 예매 화면의 현재 판매 좌석 상품명,OFFICIAL,S094,2026-09-03,CONFIRMED,[창원 NC 파크 · NC 다이노스] team_code: NC / stadium_code: CHANGWON / zone_code: BBQ_6 / zone_name_ko: 바베큐석 (6인) / side: OUTFIELD / seat_type: BBQ / group_size: 6 / accessible: N / description: 2026-09-08 공식 예매 화면의 현재 판매 좌석 상품명
2026,NC,CHANGWON,PICNIC_TABLE_6,피크닉테이블석 (6인),,OUTFIELD,TABLE,6,N,2026-09-08 공식 예매 화면의 현재 판매 좌석 상품명,OFFICIAL,S094,2026-09-03,CONFIRMED,[창원 NC 파크 · NC 다이노스] team_code: NC / stadium_code: CHANGWON / zone_code: PICNIC_TABLE_6 / zone_name_ko: 피크닉테이블석 (6인) / side: OUTFIELD / seat_type: TABLE / group_size: 6 / accessible: N / description: 2026-09-08 공식 예매 화면의 현재 판매 좌석 상품명
2026,NC,CHANGWON,FAMILY_2,가족석 (2인),,,FAMILY,2,N,2026-09-08 공식 예매 화면의 현재 판매 좌석 상품명,OFFICIAL,S094,2026-09-03,CONFIRMED,[창원 NC 파크 · NC 다이노스] team_code: NC / stadium_code: CHANGWON / zone_code: FAMILY_2 / zone_name_ko: 가족석 (2인) / seat_type: FAMILY / group_size: 2 / accessible: N / description: 2026-09-08 공식 예매 화면의 현재 판매 좌석 상품명
2026,NC,CHANGWON,FAMILY_4,가족석 (4인),,,FAMILY,4,N,2026-09-08 공식 예매 화면의 현재 판매 좌석 상품명,OFFICIAL,S094,2026-09-03,CONFIRMED,[창원 NC 파크 · NC 다이노스] team_code: NC / stadium_code: CHANGWON / zone_code: FAMILY_4 / zone_name_ko: 가족석 (4인) / seat_type: FAMILY / group_size: 4 / accessible: N / description: 2026-09-08 공식 예매 화면의 현재 판매 좌석 상품명
2026,NC,CHANGWON,FAMILY_6,가족석 (6인),,,FAMILY,6,N,2026-09-08 공식 예매 화면의 현재 판매 좌석 상품명,OFFICIAL,S094,2026-09-03,CONFIRMED,[창원 NC 파크 · NC 다이노스] team_code: NC / stadium_code: CHANGWON / zone_code: FAMILY_6 / zone_name_ko: 가족석 (6인) / seat_type: FAMILY / group_size: 6 / accessible: N / description: 2026-09-08 공식 예매 화면의 현재 판매 좌석 상품명
2026,NC,CHANGWON,ROUND_TABLE_2,라운드테이블석 (2인),,,TABLE,2,N,2026-09-08 공식 예매 화면의 현재 판매 좌석 상품명,OFFICIAL,S094,2026-09-03,CONFIRMED,[창원 NC 파크 · NC 다이노스] team_code: NC / stadium_code: CHANGWON / zone_code: ROUND_TABLE_2 / zone_name_ko: 라운드테이블석 (2인) / seat_type: TABLE / group_size: 2 / accessible: N / description: 2026-09-08 공식 예매 화면의 현재 판매 좌석 상품명
2026,NC,CHANGWON,ROUND_TABLE_4,라운드테이블석 (4인),,,TABLE,4,N,2026-09-08 공식 예매 화면의 현재 판매 좌석 상품명,OFFICIAL,S094,2026-09-03,CONFIRMED,[창원 NC 파크 · NC 다이노스] team_code: NC / stadium_code: CHANGWON / zone_code: ROUND_TABLE_4 / zone_name_ko: 라운드테이블석 (4인) / seat_type: TABLE / group_size: 4 / accessible: N / description: 2026-09-08 공식 예매 화면의 현재 판매 좌석 상품명
2026,NC,CHANGWON,ROUND_TABLE_6,라운드테이블석 (6인),,,TABLE,6,N,2026-09-08 공식 예매 화면의 현재 판매 좌석 상품명,OFFICIAL,S094,2026-09-03,CONFIRMED,[창원 NC 파크 · NC 다이노스] team_code: NC / stadium_code: CHANGWON / zone_code: ROUND_TABLE_6 / zone_name_ko: 라운드테이블석 (6인) / seat_type: TABLE / group_size: 6 / accessible: N / description: 2026-09-08 공식 예매 화면의 현재 판매 좌석 상품명
2026,NC,CHANGWON,BULLPEN,불펜석,,OUTFIELD,SPECIAL,,N,2026-09-08 공식 예매 화면의 현재 판매 좌석 상품명,OFFICIAL,S094,2026-09-03,CONFIRMED,[창원 NC 파크 · NC 다이노스] team_code: NC / stadium_code: CHANGWON / zone_code: BULLPEN / zone_name_ko: 불펜석 / side: OUTFIELD / seat_type: SPECIAL / accessible: N / description: 2026-09-08 공식 예매 화면의 현재 판매 좌석 상품명
2026,NC,CHANGWON,BULLPEN_FAMILY_4,불펜가족석 (4인),,OUTFIELD,FAMILY,4,N,2026-09-08 공식 예매 화면의 현재 판매 좌석 상품명,OFFICIAL,S094,2026-09-03,CONFIRMED,[창원 NC 파크 · NC 다이노스] team_code: NC / stadium_code: CHANGWON / zone_code: BULLPEN_FAMILY_4 / zone_name_ko: 불펜가족석 (4인) / side: OUTFIELD / seat_type: FAMILY / group_size: 4 / accessible: N / description: 2026-09-08 공식 예매 화면의 현재 판매 좌석 상품명
2026,NC,CHANGWON,WHEELCHAIR,휠체어석,,INFIELD,ACCESSIBLE,,Y,2026-09-08 공식 예매 화면의 현재 판매 좌석 상품명,OFFICIAL,S094,2026-09-03,CONFIRMED,[창원 NC 파크 · NC 다이노스] team_code: NC / stadium_code: CHANGWON / zone_code: WHEELCHAIR / zone_name_ko: 휠체어석 / side: INFIELD / seat_type: ACCESSIBLE / accessible: Y / description: 2026-09-08 공식 예매 화면의 현재 판매 좌석 상품명
2026,NC,CHANGWON,SKYBOX,스카이박스,,,SKYBOX,,N,2026-09-08 공식 예매 화면의 현재 판매 좌석 상품명,OFFICIAL,S094,2026-09-03,CONFIRMED,[창원 NC 파크 · NC 다이노스] team_code: NC / stadium_code: CHANGWON / zone_code: SKYBOX / zone_name_ko: 스카이박스 / seat_type: SKYBOX / accessible: N / description: 2026-09-08 공식 예매 화면의 현재 판매 좌석 상품명
2026,NC,CHANGWON,COUNTER,카운터석,,,COUNTER,,N,2026-09-08 공식 예매 화면의 현재 판매 좌석 상품명,OFFICIAL,S094,2026-09-03,CONFIRMED,[창원 NC 파크 · NC 다이노스] team_code: NC / stadium_code: CHANGWON / zone_code: COUNTER / zone_name_ko: 카운터석 / seat_type: COUNTER / accessible: N / description: 2026-09-08 공식 예매 화면의 현재 판매 좌석 상품명
2026,NC,CHANGWON,OPEN_BOX_2,오픈박스 (2인),,,GROUP,2,N,2026-09-08 공식 예매 화면의 현재 판매 좌석 상품명,OFFICIAL,S094,2026-09-03,CONFIRMED,[창원 NC 파크 · NC 다이노스] team_code: NC / stadium_code: CHANGWON / zone_code: OPEN_BOX_2 / zone_name_ko: 오픈박스 (2인) / seat_type: GROUP / group_size: 2 / accessible: N / description: 2026-09-08 공식 예매 화면의 현재 판매 좌석 상품명
2026,NC,CHANGWON,OPEN_BOX_4,오픈박스 (4인),,,GROUP,4,N,2026-09-08 공식 예매 화면의 현재 판매 좌석 상품명,OFFICIAL,S094,2026-09-03,CONFIRMED,[창원 NC 파크 · NC 다이노스] team_code: NC / stadium_code: CHANGWON / zone_code: OPEN_BOX_4 / zone_name_ko: 오픈박스 (4인) / seat_type: GROUP / group_size: 4 / accessible: N / description: 2026-09-08 공식 예매 화면의 현재 판매 좌석 상품명
2026,NC,CHANGWON,OUTFIELD_COUNTER,외야 카운터석,,OUTFIELD,COUNTER,,N,2026-09-08 공식 예매 화면의 현재 판매 좌석 상품명,OFFICIAL,S094,2026-09-03,CONFIRMED,[창원 NC 파크 · NC 다이노스] team_code: NC / stadium_code: CHANGWON / zone_code: OUTFIELD_COUNTER / zone_name_ko: 외야 카운터석 / side: OUTFIELD / seat_type: COUNTER / accessible: N / description: 2026-09-08 공식 예매 화면의 현재 판매 좌석 상품명
2026,NC,CHANGWON,OUTFIELD_FAMILY_4,외야 가족석 (4인),,OUTFIELD,FAMILY,4,N,2026-09-08 공식 예매 화면의 현재 판매 좌석 상품명,OFFICIAL,S094,2026-09-03,CONFIRMED,[창원 NC 파크 · NC 다이노스] team_code: NC / stadium_code: CHANGWON / zone_code: OUTFIELD_FAMILY_4 / zone_name_ko: 외야 가족석 (4인) / side: OUTFIELD / seat_type: FAMILY / group_size: 4 / accessible: N / description: 2026-09-08 공식 예매 화면의 현재 판매 좌석 상품명
2026,NC,CHANGWON,SKY_TABLE,스카이 테이블석,,,TABLE,,N,2026-09-08 공식 예매 화면의 현재 판매 좌석 상품명,OFFICIAL,S094,2026-09-03,CONFIRMED,[창원 NC 파크 · NC 다이노스] team_code: NC / stadium_code: CHANGWON / zone_code: SKY_TABLE / zone_name_ko: 스카이 테이블석 / seat_type: TABLE / accessible: N / description: 2026-09-08 공식 예매 화면의 현재 판매 좌석 상품명
2026,NC,CHANGWON,HIGH_VIEW_TABLE,하이뷰 테이블석,,,TABLE,,N,2026-09-08 공식 예매 화면의 현재 판매 좌석 상품명,OFFICIAL,S094,2026-09-03,CONFIRMED,[창원 NC 파크 · NC 다이노스] team_code: NC / stadium_code: CHANGWON / zone_code: HIGH_VIEW_TABLE / zone_name_ko: 하이뷰 테이블석 / seat_type: TABLE / accessible: N / description: 2026-09-08 공식 예매 화면의 현재 판매 좌석 상품명
