record_id,stadium_code,stadium_name,team_code,facility_type,facility_name,floor,side,location_detail,indoor_outdoor,evidence_type,evidence_subtype,source,source_url,verified_at,status,notes,content
SC_FAC_JAMSIL_001,JAMSIL,잠실야구장,"LG,DOOSAN",굿즈샵,LG 굿즈샵,2층,1루,1루 2층,,UNOFFICIAL,COMMUNITY_SEATVIEW,myseatcheck.com (자리어때),https://myseatcheck.com/%ec%84%9c%ec%9a%b8-%ec%9e%a0%ec%8b%a4%ec%95%bc%ea%b5%ac%ec%9e%a5-%ea%b5%bf%ec%a6%88%ec%83%b5-%ed%8e%b8%ec%9d%98%ec%8b%9c%ec%84%a4-lg-%ea%b5%bf%ec%a6%88%ec%83%b5/,2026-09-10,PARTIAL,,"[잠실야구장] stadium_code: JAMSIL / stadium_name: 잠실야구장 / team_code: LG,DOOSAN / facility_type: 굿즈샵 / facility_name: LG 굿즈샵 / floor: 2층 / side: 1루 / location_detail: 1루 2층 (공식 확인 전 정보로 정확하지 않을 수 있습니다.)"
SC_FAC_JAMSIL_002,JAMSIL,잠실야구장,"LG,DOOSAN",굿즈샵,LG 어패럴샵 레플리카,2층,1루,1루 2층,,UNOFFICIAL,COMMUNITY_SEATVIEW,myseatcheck.com (자리어때),https://myseatcheck.com/%ec%84%9c%ec%9a%b8-%ec%9e%a0%ec%8b%a4%ec%95%bc%ea%b5%ac%ec%9e%a5-%ea%b5%bf%ec%a6%88%ec%83%b5-%ed%8e%b8%ec%9d%98%ec%8b%9c%ec%84%a4-lg-%ec%96%b4%ed%8c%a8%eb%9f%b4%ec%83%b5-%eb%a0%88%ed%94%8c/,2026-09-10,PARTIAL,,"[잠실야구장] stadium_code: JAMSIL / stadium_name: 잠실야구장 / team_code: LG,DOOSAN / facility_type: 굿즈샵 / facility_name: LG 어패럴샵 레플리카 / floor: 2층 / side: 1루 / location_detail: 1루 2층 (공식 확인 전 정보로 정확하지 않을 수 있습니다.)"
SC_FAC_JAMSIL_003,JAMSIL,잠실야구장,"LG,DOOSAN",굿즈샵,LG 어패럴샵 어센틱,2층,1루,1루 2층,,UNOFFICIAL,COMMUNITY_SEATVIEW,myseatcheck.com (자리어때),https://myseatcheck.com/%ec%84%9c%ec%9a%b8-%ec%9e%a0%ec%8b%a4%ec%95%bc%ea%b5%ac%ec%9e%a5-%ea%b5%bf%ec%a6%88%ec%83%b5-%ed%8e%b8%ec%9d%98%ec%8b%9c%ec%84%a4-lg-%ec%96%b4%ed%8c%a8%eb%9f%b4%ec%83%b5-%ec%96%b4%ec%84%bc/,2026-09-10,PARTIAL,,"[잠실야구장] stadium_code: JAMSIL / stadium_name: 잠실야구장 / team_code: LG,DOOSAN / facility_type: 굿즈샵 / facility_name: LG 어패럴샵 어센틱 / floor: 2층 / side: 1루 / location_detail: 1루 2층 (공식 확인 전 정보로 정확하지 않을 수 있습니다.)"
SC_FAC_JAMSIL_004,JAMSIL,잠실야구장,"LG,DOOSAN",굿즈샵,LG 어패럴샵,외부,,외부 외야~1층,실외,UNOFFICIAL,COMMUNITY_SEATVIEW,myseatcheck.com (자리어때),https://myseatcheck.com/%ec%84%9c%ec%9a%b8-%ec%9e%a0%ec%8b%a4%ec%95%bc%ea%b5%ac%ec%9e%a5-%ea%b5%bf%ec%a6%88%ec%83%b5-%ed%8e%b8%ec%9d%98%ec%8b%9c%ec%84%a4-lg-%ec%96%b4%ed%8c%a8%eb%9f%b4%ec%83%b5/,2026-09-10,PARTIAL,,"[잠실야구장] stadium_code: JAMSIL / stadium_name: 잠실야구장 / team_code: LG,DOOSAN / facility_type: 굿즈샵 / facility_name: LG 어패럴샵 / floor: 외부 / location_detail: 외부 외야~1층 / indoor_outdoor: 실외 (공식 확인 전 정보로 정확하지 않을 수 있습니다.)"
SC_FAC_JAMSIL_005,JAMSIL,잠실야구장,"LG,DOOSAN",굿즈샵,LG 굿즈샵(외부),외부,외야,외부 외야 방면,실외,UNOFFICIAL,COMMUNITY_SEATVIEW,myseatcheck.com (자리어때),https://myseatcheck.com/%ec%84%9c%ec%9a%b8-%ec%9e%a0%ec%8b%a4%ec%95%bc%ea%b5%ac%ec%9e%a5-%ea%b5%bf%ec%a6%88%ec%83%b5-%ed%8e%b8%ec%9d%98%ec%8b%9c%ec%84%a4-lg-%ea%b5%bf%ec%a6%88%ec%83%b5%ec%99%b8%eb%b6%80/,2026-09-10,PARTIAL,,"[잠실야구장] stadium_code: JAMSIL / stadium_name: 잠실야구장 / team_code: LG,DOOSAN / facility_type: 굿즈샵 / facility_name: LG 굿즈샵(외부) / floor: 외부 / side: 외야 / location_detail: 외부 외야 방면 / indoor_outdoor: 실외 (공식 확인 전 정보로 정확하지 않을 수 있습니다.)"
SC_FAC_JAMSIL_006,JAMSIL,잠실야구장,"LG,DOOSAN",기타,LG 마킹존,,,제1매표소 뒤쪽,,UNOFFICIAL,COMMUNITY_SEATVIEW,myseatcheck.com (자리어때),https://myseatcheck.com/%ec%84%9c%ec%9a%b8-%ec%9e%a0%ec%8b%a4%ec%95%bc%ea%b5%ac%ec%9e%a5-%ea%b5%bf%ec%a6%88%ec%83%b5-%ed%8e%b8%ec%9d%98%ec%8b%9c%ec%84%a4-lg-%eb%a7%88%ed%82%b9%ec%a1%b4/,2026-09-10,PARTIAL,,"[잠실야구장] stadium_code: JAMSIL / stadium_name: 잠실야구장 / team_code: LG,DOOSAN / facility_type: 기타 / facility_name: LG 마킹존 / location_detail: 제1매표소 뒤쪽 (공식 확인 전 정보로 정확하지 않을 수 있습니다.)"
SC_FAC_JAMSIL_007,JAMSIL,잠실야구장,"LG,DOOSAN",포토부스,LG 포토카드,2층,1루,1루 2층,,UNOFFICIAL,COMMUNITY_SEATVIEW,myseatcheck.com (자리어때),https://myseatcheck.com/%ec%84%9c%ec%9a%b8-%ec%9e%a0%ec%8b%a4%ec%95%bc%ea%b5%ac%ec%9e%a5-%ea%b5%bf%ec%a6%88%ec%83%b5-%ed%8e%b8%ec%9d%98%ec%8b%9c%ec%84%a4-lg-%ed%8f%ac%ed%86%a0%ec%b9%b4%eb%93%9c/,2026-09-10,PARTIAL,,"[잠실야구장] stadium_code: JAMSIL / stadium_name: 잠실야구장 / team_code: LG,DOOSAN / facility_type: 포토부스 / facility_name: LG 포토카드 / floor: 2층 / side: 1루 / location_detail: 1루 2층 (공식 확인 전 정보로 정확하지 않을 수 있습니다.)"
SC_FAC_JAMSIL_008,JAMSIL,잠실야구장,"LG,DOOSAN",포토부스,LG 포토카드(외부),외부,외야,외부 외야 방면,실외,UNOFFICIAL,COMMUNITY_SEATVIEW,myseatcheck.com (자리어때),https://myseatcheck.com/%ec%84%9c%ec%9a%b8-%ec%9e%a0%ec%8b%a4%ec%95%bc%ea%b5%ac%ec%9e%a5-%ea%b5%bf%ec%a6%88%ec%83%b5-%ed%8e%b8%ec%9d%98%ec%8b%9c%ec%84%a4-lg-%ed%8f%ac%ed%86%a0%ec%b9%b4%eb%93%9c%ec%99%b8%eb%b6%80/,2026-09-10,PARTIAL,,"[잠실야구장] stadium_code: JAMSIL / stadium_name: 잠실야구장 / team_code: LG,DOOSAN / facility_type: 포토부스 / facility_name: LG 포토카드(외부) / floor: 외부 / side: 외야 / location_detail: 외부 외야 방면 / indoor_outdoor: 실외 (공식 확인 전 정보로 정확하지 않을 수 있습니다.)"
SC_FAC_JAMSIL_009,JAMSIL,잠실야구장,"LG,DOOSAN",포토부스,LG 인생네컷,2.5층,1루,1루 2.5층,,UNOFFICIAL,COMMUNITY_SEATVIEW,myseatcheck.com (자리어때),https://myseatcheck.com/%ec%84%9c%ec%9a%b8-%ec%9e%a0%ec%8b%a4%ec%95%bc%ea%b5%ac%ec%9e%a5-%ea%b5%bf%ec%a6%88%ec%83%b5-%ed%8e%b8%ec%9d%98%ec%8b%9c%ec%84%a4-lg-%ec%9d%b8%ec%83%9d%eb%84%a4%ec%bb%b72-5%ec%b8%b5/,2026-09-10,PARTIAL,,"[잠실야구장] stadium_code: JAMSIL / stadium_name: 잠실야구장 / team_code: LG,DOOSAN / facility_type: 포토부스 / facility_name: LG 인생네컷 / floor: 2.5층 / side: 1루 / location_detail: 1루 2.5층 (공식 확인 전 정보로 정확하지 않을 수 있습니다.)"
SC_FAC_JAMSIL_010,JAMSIL,잠실야구장,"LG,DOOSAN",굿즈샵,LG 콜랩샵,2층,1루,1루 2층,,UNOFFICIAL,COMMUNITY_SEATVIEW,myseatcheck.com (자리어때),https://myseatcheck.com/%ec%84%9c%ec%9a%b8-%ec%9e%a0%ec%8b%a4%ec%95%bc%ea%b5%ac%ec%9e%a5-%ea%b5%bf%ec%a6%88%ec%83%b5-%ed%8e%b8%ec%9d%98%ec%8b%9c%ec%84%a4-lg-%ec%bd%9c%eb%9e%a9%ec%83%b5/,2026-09-10,PARTIAL,,"[잠실야구장] stadium_code: JAMSIL / stadium_name: 잠실야구장 / team_code: LG,DOOSAN / facility_type: 굿즈샵 / facility_name: LG 콜랩샵 / floor: 2층 / side: 1루 / location_detail: 1루 2층 (공식 확인 전 정보로 정확하지 않을 수 있습니다.)"
SC_FAC_JAMSIL_011,JAMSIL,잠실야구장,"LG,DOOSAN",굿즈샵,베어스하우스(외부),외부,,외부 외야~1루,실외,UNOFFICIAL,COMMUNITY_SEATVIEW,myseatcheck.com (자리어때),https://myseatcheck.com/%ec%84%9c%ec%9a%b8-%ec%9e%a0%ec%8b%a4%ec%95%bc%ea%b5%ac%ec%9e%a5-%ea%b5%bf%ec%a6%88%ec%83%b5-%ed%8e%b8%ec%9d%98%ec%8b%9c%ec%84%a4-%eb%b2%a0%ec%96%b4%ec%8a%a4%ed%95%98%ec%9a%b0%ec%8a%a4%ec%99%b8/,2026-09-10,PARTIAL,,"[잠실야구장] stadium_code: JAMSIL / stadium_name: 잠실야구장 / team_code: LG,DOOSAN / facility_type: 굿즈샵 / facility_name: 베어스하우스(외부) / floor: 외부 / location_detail: 외부 외야~1루 / indoor_outdoor: 실외 (공식 확인 전 정보로 정확하지 않을 수 있습니다.)"
SC_FAC_JAMSIL_012,JAMSIL,잠실야구장,"LG,DOOSAN",굿즈샵,유니크스포츠(외부),외부,,외부 외야~3루,실외,UNOFFICIAL,COMMUNITY_SEATVIEW,myseatcheck.com (자리어때),https://myseatcheck.com/%ec%84%9c%ec%9a%b8-%ec%9e%a0%ec%8b%a4%ec%95%bc%ea%b5%ac%ec%9e%a5-%eb%a8%b9%ea%b1%b0%eb%a6%ac-%ea%b5%bf%ec%a6%88%ec%83%b5-%ed%8e%b8%ec%9d%98%ec%8b%9c%ec%84%a4-%ec%9c%a0%eb%8b%88%ed%81%ac%ec%8a%a4/,2026-09-10,PARTIAL,,"[잠실야구장] stadium_code: JAMSIL / stadium_name: 잠실야구장 / team_code: LG,DOOSAN / facility_type: 굿즈샵 / facility_name: 유니크스포츠(외부) / floor: 외부 / location_detail: 외부 외야~3루 / indoor_outdoor: 실외 (공식 확인 전 정보로 정확하지 않을 수 있습니다.)"
SC_FAC_JAMSIL_013,JAMSIL,잠실야구장,"LG,DOOSAN",물품보관함,물품보관함,2층,1루,물품보관함 (1루 2층),,UNOFFICIAL,COMMUNITY_SEATVIEW,myseatcheck.com (자리어때),https://myseatcheck.com/%ec%84%9c%ec%9a%b8-%ec%9e%a0%ec%8b%a4%ec%95%bc%ea%b5%ac%ec%9e%a5-%ea%b5%bf%ec%a6%88%ec%83%b5-%ed%8e%b8%ec%9d%98%ec%8b%9c%ec%84%a4-%eb%ac%bc%ed%92%88%eb%b3%b4%ea%b4%80%ed%95%a8-1%eb%a3%a8/,2026-09-10,PARTIAL,,"[잠실야구장] stadium_code: JAMSIL / stadium_name: 잠실야구장 / team_code: LG,DOOSAN / facility_type: 물품보관함 / facility_name: 물품보관함 / floor: 2층 / side: 1루 / location_detail: 물품보관함 (1루 2층) (공식 확인 전 정보로 정확하지 않을 수 있습니다.)"
SC_FAC_JAMSIL_014,JAMSIL,잠실야구장,"LG,DOOSAN",물품보관함,물품보관함,2층,3루,물품보관함 (3루 2층),,UNOFFICIAL,COMMUNITY_SEATVIEW,myseatcheck.com (자리어때),https://myseatcheck.com/%ec%84%9c%ec%9a%b8-%ec%9e%a0%ec%8b%a4%ec%95%bc%ea%b5%ac%ec%9e%a5-%ea%b5%bf%ec%a6%88%ec%83%b5-%ed%8e%b8%ec%9d%98%ec%8b%9c%ec%84%a4-%eb%ac%bc%ed%92%88%eb%b3%b4%ea%b4%80%ed%95%a8-3%eb%a3%a8/,2026-09-10,PARTIAL,,"[잠실야구장] stadium_code: JAMSIL / stadium_name: 잠실야구장 / team_code: LG,DOOSAN / facility_type: 물품보관함 / facility_name: 물품보관함 / floor: 2층 / side: 3루 / location_detail: 물품보관함 (3루 2층) (공식 확인 전 정보로 정확하지 않을 수 있습니다.)"
SC_FAC_JAMSIL_015,JAMSIL,잠실야구장,"LG,DOOSAN",보조배터리,보조배터리,2층,3루,보조배터리 (3루 2층),,UNOFFICIAL,COMMUNITY_SEATVIEW,myseatcheck.com (자리어때),https://myseatcheck.com/%ec%84%9c%ec%9a%b8-%ec%9e%a0%ec%8b%a4%ec%95%bc%ea%b5%ac%ec%9e%a5-%ea%b5%bf%ec%a6%88%ec%83%b5-%ed%8e%b8%ec%9d%98%ec%8b%9c%ec%84%a4-%eb%b3%b4%ec%a1%b0%eb%b0%b0%ed%84%b0%eb%a6%ac3%eb%a3%a8/,2026-09-10,PARTIAL,,"[잠실야구장] stadium_code: JAMSIL / stadium_name: 잠실야구장 / team_code: LG,DOOSAN / facility_type: 보조배터리 / facility_name: 보조배터리 / floor: 2층 / side: 3루 / location_detail: 보조배터리 (3루 2층) (공식 확인 전 정보로 정확하지 않을 수 있습니다.)"
SC_FAC_GOCHEOK_001,GOCHEOK,고척스카이돔,KIWOOM,굿즈샵,히어로즈샵,2층,중앙,외부 2층 중앙,,UNOFFICIAL,COMMUNITY_SEATVIEW,myseatcheck.com (자리어때),https://myseatcheck.com/%ea%b3%a0%ec%b2%99%ec%8a%a4%ec%b9%b4%ec%9d%b4%eb%8f%94-%ed%8e%b8%ec%9d%98%ec%8b%9c%ec%84%a4-%ed%9e%88%ec%96%b4%eb%a1%9c%ec%a6%88%ec%83%b5/,2026-09-10,PARTIAL,,[고척스카이돔 · 키움 히어로즈] stadium_code: GOCHEOK / stadium_name: 고척스카이돔 / team_code: KIWOOM / facility_type: 굿즈샵 / facility_name: 히어로즈샵 / floor: 2층 / side: 중앙 / location_detail: 외부 2층 중앙 (공식 확인 전 정보로 정확하지 않을 수 있습니다.)
SC_FAC_GOCHEOK_002,GOCHEOK,고척스카이돔,KIWOOM,굿즈샵,히어로즈샵 상시 매장,,,히어로즈샵 상시 매장 (고척돔 광장),,UNOFFICIAL,COMMUNITY_SEATVIEW,myseatcheck.com (자리어때),https://myseatcheck.com/%ea%b3%a0%ec%b2%99%ec%8a%a4%ec%b9%b4%ec%9d%b4%eb%8f%94-%ed%8e%b8%ec%9d%98%ec%8b%9c%ec%84%a4-%ed%9e%88%ec%96%b4%eb%a1%9c%ec%a6%88%ec%83%b5%ec%83%81%ec%8b%9c/,2026-09-10,PARTIAL,,[고척스카이돔 · 키움 히어로즈] stadium_code: GOCHEOK / stadium_name: 고척스카이돔 / team_code: KIWOOM / facility_type: 굿즈샵 / facility_name: 히어로즈샵 상시 매장 / location_detail: 히어로즈샵 상시 매장 (고척돔 광장) (공식 확인 전 정보로 정확하지 않을 수 있습니다.)
SC_FAC_GOCHEOK_003,GOCHEOK,고척스카이돔,KIWOOM,기타,서울아트책보고,지하1층,,,,UNOFFICIAL,COMMUNITY_SEATVIEW,myseatcheck.com (자리어때),https://myseatcheck.com/%ea%b3%a0%ec%b2%99%ec%8a%a4%ec%b9%b4%ec%9d%b4%eb%8f%94-%ed%8e%b8%ec%9d%98%ec%8b%9c%ec%84%a4-%ec%84%9c%ec%9a%b8%ec%95%84%ed%8a%b8%ec%b1%85%eb%b3%b4%ea%b3%a0/,2026-09-10,PARTIAL,,[고척스카이돔 · 키움 히어로즈] stadium_code: GOCHEOK / stadium_name: 고척스카이돔 / team_code: KIWOOM / facility_type: 기타 / facility_name: 서울아트책보고 / floor: 지하1층 (공식 확인 전 정보로 정확하지 않을 수 있습니다.)
SC_FAC_GOCHEOK_004,GOCHEOK,고척스카이돔,KIWOOM,기타,키즈존,,,책보고 입구 들어가서 바로,,UNOFFICIAL,COMMUNITY_SEATVIEW,myseatcheck.com (자리어때),https://myseatcheck.com/%ea%b3%a0%ec%b2%99%ec%8a%a4%ec%b9%b4%ec%9d%b4%eb%8f%94-%ed%8e%b8%ec%9d%98%ec%8b%9c%ec%84%a4-%ec%96%b4%eb%a6%b0%ec%9d%b4%eb%86%80%ec%9d%b4%ed%84%b0/,2026-09-10,PARTIAL,,[고척스카이돔 · 키움 히어로즈] stadium_code: GOCHEOK / stadium_name: 고척스카이돔 / team_code: KIWOOM / facility_type: 기타 / facility_name: 키즈존 / location_detail: 책보고 입구 들어가서 바로 (공식 확인 전 정보로 정확하지 않을 수 있습니다.)
SC_FAC_GOCHEOK_005,GOCHEOK,고척스카이돔,KIWOOM,포토부스,인생네컷,2층,중앙,내야 2층 중앙,,UNOFFICIAL,COMMUNITY_SEATVIEW,myseatcheck.com (자리어때),https://myseatcheck.com/%ea%b3%a0%ec%b2%99%ec%8a%a4%ec%b9%b4%ec%9d%b4%eb%8f%94-%ed%8e%b8%ec%9d%98%ec%8b%9c%ec%84%a4-%ec%9d%b8%ec%83%9d%eb%84%a4%ec%bb%b7/,2026-09-10,PARTIAL,,[고척스카이돔 · 키움 히어로즈] stadium_code: GOCHEOK / stadium_name: 고척스카이돔 / team_code: KIWOOM / facility_type: 포토부스 / facility_name: 인생네컷 / floor: 2층 / side: 중앙 / location_detail: 내야 2층 중앙 (공식 확인 전 정보로 정확하지 않을 수 있습니다.)
SC_FAC_GOCHEOK_006,GOCHEOK,고척스카이돔,KIWOOM,포토부스,포토카드,2층,중앙,내야 2층 중앙,,UNOFFICIAL,COMMUNITY_SEATVIEW,myseatcheck.com (자리어때),https://myseatcheck.com/%ea%b3%a0%ec%b2%99%ec%8a%a4%ec%b9%b4%ec%9d%b4%eb%8f%94-%ed%8e%b8%ec%9d%98%ec%8b%9c%ec%84%a4-%ed%8f%ac%ed%86%a0%ec%b9%b4%eb%93%9c/,2026-09-10,PARTIAL,,[고척스카이돔 · 키움 히어로즈] stadium_code: GOCHEOK / stadium_name: 고척스카이돔 / team_code: KIWOOM / facility_type: 포토부스 / facility_name: 포토카드 / floor: 2층 / side: 중앙 / location_detail: 내야 2층 중앙 (공식 확인 전 정보로 정확하지 않을 수 있습니다.)
SC_FAC_GOCHEOK_007,GOCHEOK,고척스카이돔,KIWOOM,기타,랜덤캡슐샵,지하1층,,지하1층 책보고,,UNOFFICIAL,COMMUNITY_SEATVIEW,myseatcheck.com (자리어때),https://myseatcheck.com/%ea%b3%a0%ec%b2%99%ec%8a%a4%ec%b9%b4%ec%9d%b4%eb%8f%94-%ed%8e%b8%ec%9d%98%ec%8b%9c%ec%84%a4-%eb%9e%9c%eb%8d%a4%ec%ba%a1%ec%8a%90%ec%83%b5/,2026-09-10,PARTIAL,,[고척스카이돔 · 키움 히어로즈] stadium_code: GOCHEOK / stadium_name: 고척스카이돔 / team_code: KIWOOM / facility_type: 기타 / facility_name: 랜덤캡슐샵 / floor: 지하1층 / location_detail: 지하1층 책보고 (공식 확인 전 정보로 정확하지 않을 수 있습니다.)
SC_FAC_GOCHEOK_008,GOCHEOK,고척스카이돔,KIWOOM,굿즈샵,원정용품샵,2층,중앙,외부 2층 중앙,,UNOFFICIAL,COMMUNITY_SEATVIEW,myseatcheck.com (자리어때),https://myseatcheck.com/%ea%b3%a0%ec%b2%99%ec%8a%a4%ec%b9%b4%ec%9d%b4%eb%8f%94-%ed%8e%b8%ec%9d%98%ec%8b%9c%ec%84%a4-%ec%9b%90%ec%a0%95%ec%9a%a9%ed%92%88%ec%83%b5/,2026-09-10,PARTIAL,,[고척스카이돔 · 키움 히어로즈] stadium_code: GOCHEOK / stadium_name: 고척스카이돔 / team_code: KIWOOM / facility_type: 굿즈샵 / facility_name: 원정용품샵 / floor: 2층 / side: 중앙 / location_detail: 외부 2층 중앙 (공식 확인 전 정보로 정확하지 않을 수 있습니다.)
SC_FAC_GOCHEOK_009,GOCHEOK,고척스카이돔,KIWOOM,물품보관함,물품보관소,2층,1루,내야 2층 1루 복도 끝,,UNOFFICIAL,COMMUNITY_SEATVIEW,myseatcheck.com (자리어때),https://myseatcheck.com/%ea%b3%a0%ec%b2%99%ec%8a%a4%ec%b9%b4%ec%9d%b4%eb%8f%94-%ed%8e%b8%ec%9d%98%ec%8b%9c%ec%84%a4-%eb%ac%bc%ed%92%88%eb%b3%b4%ea%b4%80%ec%86%8c-1%eb%a3%a8/,2026-09-10,PARTIAL,,[고척스카이돔 · 키움 히어로즈] stadium_code: GOCHEOK / stadium_name: 고척스카이돔 / team_code: KIWOOM / facility_type: 물품보관함 / facility_name: 물품보관소 / floor: 2층 / side: 1루 / location_detail: 내야 2층 1루 복도 끝 (공식 확인 전 정보로 정확하지 않을 수 있습니다.)
SC_FAC_GOCHEOK_010,GOCHEOK,고척스카이돔,KIWOOM,물품보관함,물품보관소,2층,3루,내야 2층 3루 복도 끝,,UNOFFICIAL,COMMUNITY_SEATVIEW,myseatcheck.com (자리어때),https://myseatcheck.com/%ea%b3%a0%ec%b2%99%ec%8a%a4%ec%b9%b4%ec%9d%b4%eb%8f%94-%ed%8e%b8%ec%9d%98%ec%8b%9c%ec%84%a4-%eb%ac%bc%ed%92%88%eb%b3%b4%ea%b4%80%ec%86%8c-3%eb%a3%a8/,2026-09-10,PARTIAL,,[고척스카이돔 · 키움 히어로즈] stadium_code: GOCHEOK / stadium_name: 고척스카이돔 / team_code: KIWOOM / facility_type: 물품보관함 / facility_name: 물품보관소 / floor: 2층 / side: 3루 / location_detail: 내야 2층 3루 복도 끝 (공식 확인 전 정보로 정확하지 않을 수 있습니다.)
SC_FAC_MUNHAK_001,MUNHAK,인천 SSG 랜더스필드,SSG,굿즈샵,랜더스샵 내야,,,GATE 3 근처,,UNOFFICIAL,COMMUNITY_SEATVIEW,myseatcheck.com (자리어때),https://myseatcheck.com/%ec%9d%b8%ec%b2%9c-%eb%9e%9c%eb%8d%94%ec%8a%a4%ed%95%84%eb%93%9c-%ed%8e%b8%ec%9d%98%ec%8b%9c%ec%84%a4-%eb%9e%9c%eb%8d%94%ec%8a%a4%ec%83%b5%eb%82%b4%ec%95%bc/,2026-09-10,PARTIAL,,[인천 SSG 랜더스필드 · SSG 랜더스] stadium_code: MUNHAK / stadium_name: 인천 SSG 랜더스필드 / team_code: SSG / facility_type: 굿즈샵 / facility_name: 랜더스샵 내야 / location_detail: GATE 3 근처 (공식 확인 전 정보로 정확하지 않을 수 있습니다.)
SC_FAC_MUNHAK_002,MUNHAK,인천 SSG 랜더스필드,SSG,굿즈샵,랜더스샵 외야,,외야,랜더스샵 외야 (GATE 7 근처),,UNOFFICIAL,COMMUNITY_SEATVIEW,myseatcheck.com (자리어때),https://myseatcheck.com/%ec%9d%b8%ec%b2%9c-%eb%9e%9c%eb%8d%94%ec%8a%a4%ed%95%84%eb%93%9c-%ed%8e%b8%ec%9d%98%ec%8b%9c%ec%84%a4-%eb%9e%9c%eb%8d%94%ec%8a%a4%ec%83%b5%ec%99%b8%ec%95%bc/,2026-09-10,PARTIAL,,[인천 SSG 랜더스필드 · SSG 랜더스] stadium_code: MUNHAK / stadium_name: 인천 SSG 랜더스필드 / team_code: SSG / facility_type: 굿즈샵 / facility_name: 랜더스샵 외야 / side: 외야 / location_detail: 랜더스샵 외야 (GATE 7 근처) (공식 확인 전 정보로 정확하지 않을 수 있습니다.)
SC_FAC_MUNHAK_003,MUNHAK,인천 SSG 랜더스필드,SSG,굿즈샵,랜더스샵 코어,1층,중앙~3루,1층 중앙~3루 사이,,UNOFFICIAL,COMMUNITY_SEATVIEW,myseatcheck.com (자리어때),https://myseatcheck.com/%ec%9d%b8%ec%b2%9c-%eb%9e%9c%eb%8d%94%ec%8a%a4%ed%95%84%eb%93%9c-%ed%8e%b8%ec%9d%98%ec%8b%9c%ec%84%a4-%eb%9e%9c%eb%8d%94%ec%8a%a4%ec%83%b5%ec%bd%94%ec%96%b4/,2026-09-10,PARTIAL,,[인천 SSG 랜더스필드 · SSG 랜더스] stadium_code: MUNHAK / stadium_name: 인천 SSG 랜더스필드 / team_code: SSG / facility_type: 굿즈샵 / facility_name: 랜더스샵 코어 / floor: 1층 / side: 중앙~3루 / location_detail: 1층 중앙~3루 사이 (공식 확인 전 정보로 정확하지 않을 수 있습니다.)
SC_FAC_MUNHAK_004,MUNHAK,인천 SSG 랜더스필드,SSG,굿즈샵,원정팀 스토어,,3루,3루 110 통로 근처,,UNOFFICIAL,COMMUNITY_SEATVIEW,myseatcheck.com (자리어때),https://myseatcheck.com/%ec%9d%b8%ec%b2%9c-%eb%9e%9c%eb%8d%94%ec%8a%a4%ed%95%84%eb%93%9c-%ed%8e%b8%ec%9d%98%ec%8b%9c%ec%84%a4-%ec%9b%90%ec%a0%95%ed%8c%80-%ec%8a%a4%ed%86%a0%ec%96%b4/,2026-09-10,PARTIAL,,[인천 SSG 랜더스필드 · SSG 랜더스] stadium_code: MUNHAK / stadium_name: 인천 SSG 랜더스필드 / team_code: SSG / facility_type: 굿즈샵 / facility_name: 원정팀 스토어 / side: 3루 / location_detail: 3루 110 통로 근처 (공식 확인 전 정보로 정확하지 않을 수 있습니다.)
SC_FAC_MUNHAK_005,MUNHAK,인천 SSG 랜더스필드,SSG,포토부스,인생네컷,,3루,3루 109통로 근처,,UNOFFICIAL,COMMUNITY_SEATVIEW,myseatcheck.com (자리어때),https://myseatcheck.com/%ec%9d%b8%ec%b2%9c-%eb%9e%9c%eb%8d%94%ec%8a%a4%ed%95%84%eb%93%9c-%ed%8e%b8%ec%9d%98%ec%8b%9c%ec%84%a4-%ec%9d%b8%ec%83%9d%eb%84%a4%ec%bb%b7%eb%82%b4%ec%95%bc/,2026-09-10,PARTIAL,,[인천 SSG 랜더스필드 · SSG 랜더스] stadium_code: MUNHAK / stadium_name: 인천 SSG 랜더스필드 / team_code: SSG / facility_type: 포토부스 / facility_name: 인생네컷 / side: 3루 / location_detail: 3루 109통로 근처 (공식 확인 전 정보로 정확하지 않을 수 있습니다.)
SC_FAC_MUNHAK_006,MUNHAK,인천 SSG 랜더스필드,SSG,포토부스,포토카드,2층,1루,포토카드 (2층 1루 202통로 근처),,UNOFFICIAL,COMMUNITY_SEATVIEW,myseatcheck.com (자리어때),https://myseatcheck.com/%ec%9d%b8%ec%b2%9c-%eb%9e%9c%eb%8d%94%ec%8a%a4%ed%95%84%eb%93%9c-%ed%8e%b8%ec%9d%98%ec%8b%9c%ec%84%a4-%ed%8f%ac%ed%86%a0%ec%b9%b4%eb%93%9c/,2026-09-10,PARTIAL,,[인천 SSG 랜더스필드 · SSG 랜더스] stadium_code: MUNHAK / stadium_name: 인천 SSG 랜더스필드 / team_code: SSG / facility_type: 포토부스 / facility_name: 포토카드 / floor: 2층 / side: 1루 / location_detail: 포토카드 (2층 1루 202통로 근처) (공식 확인 전 정보로 정확하지 않을 수 있습니다.)
SC_FAC_MUNHAK_007,MUNHAK,인천 SSG 랜더스필드,SSG,포토부스,포토카드,,외야,포토카드 (로케트배터리존 근처),,UNOFFICIAL,COMMUNITY_SEATVIEW,myseatcheck.com (자리어때),https://myseatcheck.com/%ec%9d%b8%ec%b2%9c-%eb%9e%9c%eb%8d%94%ec%8a%a4%ed%95%84%eb%93%9c-%ed%8e%b8%ec%9d%98%ec%8b%9c%ec%84%a4-%ed%8f%ac%ed%86%a0%ec%b9%b4%eb%93%9c%ec%99%b8%ec%95%bc/,2026-09-10,PARTIAL,,[인천 SSG 랜더스필드 · SSG 랜더스] stadium_code: MUNHAK / stadium_name: 인천 SSG 랜더스필드 / team_code: SSG / facility_type: 포토부스 / facility_name: 포토카드 / side: 외야 / location_detail: 포토카드 (로케트배터리존 근처) (공식 확인 전 정보로 정확하지 않을 수 있습니다.)
SC_FAC_MUNHAK_008,MUNHAK,인천 SSG 랜더스필드,SSG,기타,폰케이스,1층,1루,1루 1층 스타벅스 근처,,UNOFFICIAL,COMMUNITY_SEATVIEW,myseatcheck.com (자리어때),https://myseatcheck.com/%ec%9d%b8%ec%b2%9c-%eb%9e%9c%eb%8d%94%ec%8a%a4%ed%95%84%eb%93%9c-%ed%8e%b8%ec%9d%98%ec%8b%9c%ec%84%a4-%ed%8f%b0%ec%bc%80%ec%9d%b4%ec%8a%a4/,2026-09-10,PARTIAL,,[인천 SSG 랜더스필드 · SSG 랜더스] stadium_code: MUNHAK / stadium_name: 인천 SSG 랜더스필드 / team_code: SSG / facility_type: 기타 / facility_name: 폰케이스 / floor: 1층 / side: 1루 / location_detail: 1루 1층 스타벅스 근처 (공식 확인 전 정보로 정확하지 않을 수 있습니다.)
SC_FAC_MUNHAK_009,MUNHAK,인천 SSG 랜더스필드,SSG,기타,랜더스 모먼츠,1층,1루,1루 1층 스타벅스 근처,,UNOFFICIAL,COMMUNITY_SEATVIEW,myseatcheck.com (자리어때),https://myseatcheck.com/%ec%9d%b8%ec%b2%9c-%eb%9e%9c%eb%8d%94%ec%8a%a4%ed%95%84%eb%93%9c-%ed%8e%b8%ec%9d%98%ec%8b%9c%ec%84%a4-%eb%9e%9c%eb%8d%94%ec%8a%a4%eb%aa%a8%eb%a8%bc%ec%b8%a0/,2026-09-10,PARTIAL,,[인천 SSG 랜더스필드 · SSG 랜더스] stadium_code: MUNHAK / stadium_name: 인천 SSG 랜더스필드 / team_code: SSG / facility_type: 기타 / facility_name: 랜더스 모먼츠 / floor: 1층 / side: 1루 / location_detail: 1루 1층 스타벅스 근처 (공식 확인 전 정보로 정확하지 않을 수 있습니다.)
SC_FAC_MUNHAK_010,MUNHAK,인천 SSG 랜더스필드,SSG,기타,실내 놀이터,,,109 통로 근처,,UNOFFICIAL,COMMUNITY_SEATVIEW,myseatcheck.com (자리어때),https://myseatcheck.com/%ec%9d%b8%ec%b2%9c-%eb%9e%9c%eb%8d%94%ec%8a%a4%ed%95%84%eb%93%9c-%ed%8e%b8%ec%9d%98%ec%8b%9c%ec%84%a4-%ec%8b%a4%eb%82%b4%eb%86%80%ec%9d%b4%ed%84%b0/,2026-09-10,PARTIAL,,[인천 SSG 랜더스필드 · SSG 랜더스] stadium_code: MUNHAK / stadium_name: 인천 SSG 랜더스필드 / team_code: SSG / facility_type: 기타 / facility_name: 실내 놀이터 / location_detail: 109 통로 근처 (공식 확인 전 정보로 정확하지 않을 수 있습니다.)
SC_FAC_MUNHAK_011,MUNHAK,인천 SSG 랜더스필드,SSG,기타,외야 놀이터,,외야,외야 놀이터 (바베큐존 근처),,UNOFFICIAL,COMMUNITY_SEATVIEW,myseatcheck.com (자리어때),https://myseatcheck.com/%ec%9d%b8%ec%b2%9c-%eb%9e%9c%eb%8d%94%ec%8a%a4%ed%95%84%eb%93%9c-%ed%8e%b8%ec%9d%98%ec%8b%9c%ec%84%a4-%ec%99%b8%ec%95%bc-%eb%86%80%ec%9d%b4%ed%84%b0/,2026-09-10,PARTIAL,,[인천 SSG 랜더스필드 · SSG 랜더스] stadium_code: MUNHAK / stadium_name: 인천 SSG 랜더스필드 / team_code: SSG / facility_type: 기타 / facility_name: 외야 놀이터 / side: 외야 / location_detail: 외야 놀이터 (바베큐존 근처) (공식 확인 전 정보로 정확하지 않을 수 있습니다.)
SC_FAC_MUNHAK_012,MUNHAK,인천 SSG 랜더스필드,SSG,보조배터리,보조배터리,,,GATE 3 근처,,UNOFFICIAL,COMMUNITY_SEATVIEW,myseatcheck.com (자리어때),https://myseatcheck.com/%ec%9d%b8%ec%b2%9c-%eb%9e%9c%eb%8d%94%ec%8a%a4%ed%95%84%eb%93%9c-%ed%8e%b8%ec%9d%98%ec%8b%9c%ec%84%a4-%eb%b3%b4%ec%a1%b0%eb%b0%b0%ed%84%b0%eb%a6%ac/,2026-09-10,PARTIAL,,[인천 SSG 랜더스필드 · SSG 랜더스] stadium_code: MUNHAK / stadium_name: 인천 SSG 랜더스필드 / team_code: SSG / facility_type: 보조배터리 / facility_name: 보조배터리 / location_detail: GATE 3 근처 (공식 확인 전 정보로 정확하지 않을 수 있습니다.)
SC_FAC_MUNHAK_013,MUNHAK,인천 SSG 랜더스필드,SSG,포토부스,인생네컷,,외야,인생네컷 (204블럭 근처),,UNOFFICIAL,COMMUNITY_SEATVIEW,myseatcheck.com (자리어때),https://myseatcheck.com/%ec%9d%b8%ec%b2%9c-%eb%9e%9c%eb%8d%94%ec%8a%a4%ed%95%84%eb%93%9c-%ed%8e%b8%ec%9d%98%ec%8b%9c%ec%84%a4-%ec%9d%b8%ec%83%9d%eb%84%a4%ec%bb%b7%ec%99%b8%ec%95%bc/,2026-09-10,PARTIAL,,[인천 SSG 랜더스필드 · SSG 랜더스] stadium_code: MUNHAK / stadium_name: 인천 SSG 랜더스필드 / team_code: SSG / facility_type: 포토부스 / facility_name: 인생네컷 / side: 외야 / location_detail: 인생네컷 (204블럭 근처) (공식 확인 전 정보로 정확하지 않을 수 있습니다.)
SC_FAC_MUNHAK_014,MUNHAK,인천 SSG 랜더스필드,SSG,기타,캡슐토이존,,,시즌티켓 GATE 근처,,UNOFFICIAL,COMMUNITY_SEATVIEW,myseatcheck.com (자리어때),https://myseatcheck.com/%ec%9d%b8%ec%b2%9c-%eb%9e%9c%eb%8d%94%ec%8a%a4%ed%95%84%eb%93%9c-%ed%8e%b8%ec%9d%98%ec%8b%9c%ec%84%a4-%ec%ba%a1%ec%8a%90%ed%86%a0%ec%9d%b4%ec%a1%b4/,2026-09-10,PARTIAL,,[인천 SSG 랜더스필드 · SSG 랜더스] stadium_code: MUNHAK / stadium_name: 인천 SSG 랜더스필드 / team_code: SSG / facility_type: 기타 / facility_name: 캡슐토이존 / location_detail: 시즌티켓 GATE 근처 (공식 확인 전 정보로 정확하지 않을 수 있습니다.)
SC_FAC_MUNHAK_015,MUNHAK,인천 SSG 랜더스필드,SSG,기타,캡슐토이존,,외야,캡슐토이존 (로케트배터리존 근처),,UNOFFICIAL,COMMUNITY_SEATVIEW,myseatcheck.com (자리어때),https://myseatcheck.com/%ec%9d%b8%ec%b2%9c-%eb%9e%9c%eb%8d%94%ec%8a%a4%ed%95%84%eb%93%9c-%ed%8e%b8%ec%9d%98%ec%8b%9c%ec%84%a4-%ec%ba%a1%ec%8a%90%ed%86%a0%ec%9d%b4%ec%a1%b4%ec%99%b8%ec%95%bc/,2026-09-10,PARTIAL,,[인천 SSG 랜더스필드 · SSG 랜더스] stadium_code: MUNHAK / stadium_name: 인천 SSG 랜더스필드 / team_code: SSG / facility_type: 기타 / facility_name: 캡슐토이존 / side: 외야 / location_detail: 캡슐토이존 (로케트배터리존 근처) (공식 확인 전 정보로 정확하지 않을 수 있습니다.)
SC_FAC_SUWON_001,SUWON,수원 KT 위즈 파크,KT,굿즈샵,위즈 스토어,외부,,외부 중앙 매표소 옆,실외,UNOFFICIAL,COMMUNITY_SEATVIEW,myseatcheck.com (자리어때),https://myseatcheck.com/%ec%88%98%ec%9b%90-kt%ec%9c%84%ec%a6%88%ed%8c%8c%ed%81%ac-%ed%8e%b8%ec%9d%98%ec%8b%9c%ec%84%a4-%ec%9c%84%ec%a6%88-%ec%8a%a4%ed%86%a0%ec%96%b4/,2026-09-10,PARTIAL,,[수원 KT 위즈 파크 · KT 위즈] stadium_code: SUWON / stadium_name: 수원 KT 위즈 파크 / team_code: KT / facility_type: 굿즈샵 / facility_name: 위즈 스토어 / floor: 외부 / location_detail: 외부 중앙 매표소 옆 / indoor_outdoor: 실외 (공식 확인 전 정보로 정확하지 않을 수 있습니다.)
SC_FAC_SUWON_002,SUWON,수원 KT 위즈 파크,KT,굿즈샵,원정팀 스토어,외부,3루,외부 3루 게이트 근처,실외,UNOFFICIAL,COMMUNITY_SEATVIEW,myseatcheck.com (자리어때),https://myseatcheck.com/%ec%88%98%ec%9b%90-kt%ec%9c%84%ec%a6%88%ed%8c%8c%ed%81%ac-%ed%8e%b8%ec%9d%98%ec%8b%9c%ec%84%a4-%ec%9b%90%ec%a0%95%ed%8c%80-%ec%8a%a4%ed%86%a0%ec%96%b4/,2026-09-10,PARTIAL,,[수원 KT 위즈 파크 · KT 위즈] stadium_code: SUWON / stadium_name: 수원 KT 위즈 파크 / team_code: KT / facility_type: 굿즈샵 / facility_name: 원정팀 스토어 / floor: 외부 / side: 3루 / location_detail: 외부 3루 게이트 근처 / indoor_outdoor: 실외 (공식 확인 전 정보로 정확하지 않을 수 있습니다.)
SC_FAC_SUWON_003,SUWON,수원 KT 위즈 파크,KT,기타,커스텀 랩,외부,중앙~1루,커스텀 랩 (외부 중앙~1루),실외,UNOFFICIAL,COMMUNITY_SEATVIEW,myseatcheck.com (자리어때),https://myseatcheck.com/%ec%88%98%ec%9b%90-kt%ec%9c%84%ec%a6%88%ed%8c%8c%ed%81%ac-%ed%8e%b8%ec%9d%98%ec%8b%9c%ec%84%a4-%ec%bb%a4%ec%8a%a4%ed%85%80-%eb%9e%a9/,2026-09-10,PARTIAL,,[수원 KT 위즈 파크 · KT 위즈] stadium_code: SUWON / stadium_name: 수원 KT 위즈 파크 / team_code: KT / facility_type: 기타 / facility_name: 커스텀 랩 / floor: 외부 / side: 중앙~1루 / location_detail: 커스텀 랩 (외부 중앙~1루) / indoor_outdoor: 실외 (공식 확인 전 정보로 정확하지 않을 수 있습니다.)
SC_FAC_SUWON_004,SUWON,수원 KT 위즈 파크,KT,포토부스,포토카드,,1루,포토카드 (1루 GATE4 근처),,UNOFFICIAL,COMMUNITY_SEATVIEW,myseatcheck.com (자리어때),https://myseatcheck.com/%ec%88%98%ec%9b%90-kt%ec%9c%84%ec%a6%88%ed%8c%8c%ed%81%ac-%ed%8e%b8%ec%9d%98%ec%8b%9c%ec%84%a4-%ed%8f%ac%ed%86%a0%ec%b9%b4%eb%93%9c/,2026-09-10,PARTIAL,,[수원 KT 위즈 파크 · KT 위즈] stadium_code: SUWON / stadium_name: 수원 KT 위즈 파크 / team_code: KT / facility_type: 포토부스 / facility_name: 포토카드 / side: 1루 / location_detail: 포토카드 (1루 GATE4 근처) (공식 확인 전 정보로 정확하지 않을 수 있습니다.)
SC_FAC_SUWON_005,SUWON,수원 KT 위즈 파크,KT,물품보관함,물품보관함,외부,1루,물품보관함 (외부 1루 메인GATE),실외,UNOFFICIAL,COMMUNITY_SEATVIEW,myseatcheck.com (자리어때),https://myseatcheck.com/%ec%88%98%ec%9b%90-kt%ec%9c%84%ec%a6%88%ed%8c%8c%ed%81%ac-%ed%8e%b8%ec%9d%98%ec%8b%9c%ec%84%a4-%eb%ac%bc%ed%92%88%eb%b3%b4%ea%b4%80%ed%95%a81%eb%a3%a8/,2026-09-10,PARTIAL,,[수원 KT 위즈 파크 · KT 위즈] stadium_code: SUWON / stadium_name: 수원 KT 위즈 파크 / team_code: KT / facility_type: 물품보관함 / facility_name: 물품보관함 / floor: 외부 / side: 1루 / location_detail: 물품보관함 (외부 1루 메인GATE) / indoor_outdoor: 실외 (공식 확인 전 정보로 정확하지 않을 수 있습니다.)
SC_FAC_SUWON_006,SUWON,수원 KT 위즈 파크,KT,물품보관함,물품보관함,외부,3루,물품보관함 (외부 3루 메인GATE),실외,UNOFFICIAL,COMMUNITY_SEATVIEW,myseatcheck.com (자리어때),https://myseatcheck.com/%ec%88%98%ec%9b%90-kt%ec%9c%84%ec%a6%88%ed%8c%8c%ed%81%ac-%ed%8e%b8%ec%9d%98%ec%8b%9c%ec%84%a4-%eb%ac%bc%ed%92%88%eb%b3%b4%ea%b4%80%ed%95%a83%eb%a3%a8/,2026-09-10,PARTIAL,,[수원 KT 위즈 파크 · KT 위즈] stadium_code: SUWON / stadium_name: 수원 KT 위즈 파크 / team_code: KT / facility_type: 물품보관함 / facility_name: 물품보관함 / floor: 외부 / side: 3루 / location_detail: 물품보관함 (외부 3루 메인GATE) / indoor_outdoor: 실외 (공식 확인 전 정보로 정확하지 않을 수 있습니다.)
SC_FAC_SUWON_007,SUWON,수원 KT 위즈 파크,KT,포토부스,AR&AI 포토,,1루,AR&AI 포토 (1루 GATE3 근처),,UNOFFICIAL,COMMUNITY_SEATVIEW,myseatcheck.com (자리어때),https://myseatcheck.com/%ec%88%98%ec%9b%90-kt%ec%9c%84%ec%a6%88%ed%8c%8c%ed%81%ac-%ed%8e%b8%ec%9d%98%ec%8b%9c%ec%84%a4-arai-%ed%8f%ac%ed%86%a0%eb%b6%80%ec%8a%a41%eb%a3%a8/,2026-09-10,PARTIAL,,[수원 KT 위즈 파크 · KT 위즈] stadium_code: SUWON / stadium_name: 수원 KT 위즈 파크 / team_code: KT / facility_type: 포토부스 / facility_name: AR&AI 포토 / side: 1루 / location_detail: AR&AI 포토 (1루 GATE3 근처) (공식 확인 전 정보로 정확하지 않을 수 있습니다.)
SC_FAC_SUWON_008,SUWON,수원 KT 위즈 파크,KT,포토부스,AR&AI 포토,,3루,AR&AI 포토 (3루 GATE10 근처),,UNOFFICIAL,COMMUNITY_SEATVIEW,myseatcheck.com (자리어때),https://myseatcheck.com/%ec%88%98%ec%9b%90-kt%ec%9c%84%ec%a6%88%ed%8c%8c%ed%81%ac-%ed%8e%b8%ec%9d%98%ec%8b%9c%ec%84%a4-arai-%ed%8f%ac%ed%86%a0%eb%b6%80%ec%8a%a43%eb%a3%a8/,2026-09-10,PARTIAL,,[수원 KT 위즈 파크 · KT 위즈] stadium_code: SUWON / stadium_name: 수원 KT 위즈 파크 / team_code: KT / facility_type: 포토부스 / facility_name: AR&AI 포토 / side: 3루 / location_detail: AR&AI 포토 (3루 GATE10 근처) (공식 확인 전 정보로 정확하지 않을 수 있습니다.)
SC_FAC_SUWON_009,SUWON,수원 KT 위즈 파크,KT,기타,키즈존,5층,중앙,5층 중앙 복도,,UNOFFICIAL,COMMUNITY_SEATVIEW,myseatcheck.com (자리어때),https://myseatcheck.com/%ec%88%98%ec%9b%90-kt%ec%9c%84%ec%a6%88%ed%8c%8c%ed%81%ac-%ed%8e%b8%ec%9d%98%ec%8b%9c%ec%84%a4-5%ec%b8%b5-%ed%82%a4%ec%a6%88%ec%a1%b4/,2026-09-10,PARTIAL,,[수원 KT 위즈 파크 · KT 위즈] stadium_code: SUWON / stadium_name: 수원 KT 위즈 파크 / team_code: KT / facility_type: 기타 / facility_name: 키즈존 / floor: 5층 / side: 중앙 / location_detail: 5층 중앙 복도 (공식 확인 전 정보로 정확하지 않을 수 있습니다.)
SC_FAC_SUWON_010,SUWON,수원 KT 위즈 파크,KT,기타,KT AI 치어풀,외부,중앙~1루,외부 중앙~1루,실외,UNOFFICIAL,COMMUNITY_SEATVIEW,myseatcheck.com (자리어때),https://myseatcheck.com/%ec%88%98%ec%9b%90-kt%ec%9c%84%ec%a6%88%ed%8c%8c%ed%81%ac-%ed%8e%b8%ec%9d%98%ec%8b%9c%ec%84%a4-kt-ai-%ec%b9%98%ec%96%b4%ed%92%80/,2026-09-10,PARTIAL,,[수원 KT 위즈 파크 · KT 위즈] stadium_code: SUWON / stadium_name: 수원 KT 위즈 파크 / team_code: KT / facility_type: 기타 / facility_name: KT AI 치어풀 / floor: 외부 / side: 중앙~1루 / location_detail: 외부 중앙~1루 / indoor_outdoor: 실외 (공식 확인 전 정보로 정확하지 않을 수 있습니다.)
SC_FAC_SUWON_011,SUWON,수원 KT 위즈 파크,KT,굿즈샵,가차샵,외부,중앙~3루,외부 중앙~3루,실외,UNOFFICIAL,COMMUNITY_SEATVIEW,myseatcheck.com (자리어때),https://myseatcheck.com/%ec%88%98%ec%9b%90-kt%ec%9c%84%ec%a6%88%ed%8c%8c%ed%81%ac-%ed%8e%b8%ec%9d%98%ec%8b%9c%ec%84%a4-%ea%b0%80%ec%b0%a8%ec%83%b5/,2026-09-10,PARTIAL,,[수원 KT 위즈 파크 · KT 위즈] stadium_code: SUWON / stadium_name: 수원 KT 위즈 파크 / team_code: KT / facility_type: 굿즈샵 / facility_name: 가차샵 / floor: 외부 / side: 중앙~3루 / location_detail: 외부 중앙~3루 / indoor_outdoor: 실외 (공식 확인 전 정보로 정확하지 않을 수 있습니다.)
SC_FAC_SUWON_012,SUWON,수원 KT 위즈 파크,KT,기타,유니폼 마킹,,,유니폼 마킹 (위즈 스토어 옆),,UNOFFICIAL,COMMUNITY_SEATVIEW,myseatcheck.com (자리어때),https://myseatcheck.com/%ec%88%98%ec%9b%90-kt%ec%9c%84%ec%a6%88%ed%8c%8c%ed%81%ac-%ed%8e%b8%ec%9d%98%ec%8b%9c%ec%84%a4-%eb%a7%88%ed%82%b9%ec%a1%b4/,2026-09-10,PARTIAL,,[수원 KT 위즈 파크 · KT 위즈] stadium_code: SUWON / stadium_name: 수원 KT 위즈 파크 / team_code: KT / facility_type: 기타 / facility_name: 유니폼 마킹 / location_detail: 유니폼 마킹 (위즈 스토어 옆) (공식 확인 전 정보로 정확하지 않을 수 있습니다.)
SC_FAC_SUWON_013,SUWON,수원 KT 위즈 파크,KT,포토부스,포토이즘,외부,중앙,포토이즘 (외부 중앙 광장),실외,UNOFFICIAL,COMMUNITY_SEATVIEW,myseatcheck.com (자리어때),https://myseatcheck.com/%ec%88%98%ec%9b%90-kt%ec%9c%84%ec%a6%88%ed%8c%8c%ed%81%ac-%ed%8e%b8%ec%9d%98%ec%8b%9c%ec%84%a4-%ed%8f%ac%ed%86%a0%ec%9d%b4%ec%a6%98/,2026-09-10,PARTIAL,,[수원 KT 위즈 파크 · KT 위즈] stadium_code: SUWON / stadium_name: 수원 KT 위즈 파크 / team_code: KT / facility_type: 포토부스 / facility_name: 포토이즘 / floor: 외부 / side: 중앙 / location_detail: 포토이즘 (외부 중앙 광장) / indoor_outdoor: 실외 (공식 확인 전 정보로 정확하지 않을 수 있습니다.)
SC_FAC_SUWON_014,SUWON,수원 KT 위즈 파크,KT,기타,폰케이스 꾸미기,외부,중앙~3루,폰케이스 꾸미기 (외부 중앙~3루),실외,UNOFFICIAL,COMMUNITY_SEATVIEW,myseatcheck.com (자리어때),https://myseatcheck.com/%ec%88%98%ec%9b%90-kt%ec%9c%84%ec%a6%88%ed%8c%8c%ed%81%ac-%ed%8e%b8%ec%9d%98%ec%8b%9c%ec%84%a4-%ed%8f%b0%ec%bc%80%ec%9d%b4%ec%8a%a4%ea%be%b8%eb%af%b8%ea%b8%b0/,2026-09-10,PARTIAL,,[수원 KT 위즈 파크 · KT 위즈] stadium_code: SUWON / stadium_name: 수원 KT 위즈 파크 / team_code: KT / facility_type: 기타 / facility_name: 폰케이스 꾸미기 / floor: 외부 / side: 중앙~3루 / location_detail: 폰케이스 꾸미기 (외부 중앙~3루) / indoor_outdoor: 실외 (공식 확인 전 정보로 정확하지 않을 수 있습니다.)
SC_FAC_SUWON_015,SUWON,수원 KT 위즈 파크,KT,보조배터리,보조배터리,,3루,3루 내야 통로,,UNOFFICIAL,COMMUNITY_SEATVIEW,myseatcheck.com (자리어때),https://myseatcheck.com/%ec%88%98%ec%9b%90-kt%ec%9c%84%ec%a6%88%ed%8c%8c%ed%81%ac-%ed%8e%b8%ec%9d%98%ec%8b%9c%ec%84%a4-%eb%b3%b4%ec%a1%b0%eb%b0%b0%ed%84%b0%eb%a6%ac/,2026-09-10,PARTIAL,,[수원 KT 위즈 파크 · KT 위즈] stadium_code: SUWON / stadium_name: 수원 KT 위즈 파크 / team_code: KT / facility_type: 보조배터리 / facility_name: 보조배터리 / side: 3루 / location_detail: 3루 내야 통로 (공식 확인 전 정보로 정확하지 않을 수 있습니다.)
SC_FAC_SUWON_016,SUWON,수원 KT 위즈 파크,KT,기타,헬멧 대여,,중앙,중앙 GATE 근처 (사이트 캡션 오류 가능: 포토카드로 표기됨),,UNOFFICIAL,COMMUNITY_SEATVIEW,myseatcheck.com (자리어때),https://myseatcheck.com/%ec%88%98%ec%9b%90-kt%ec%9c%84%ec%a6%88%ed%8c%8c%ed%81%ac-%ed%8e%b8%ec%9d%98%ec%8b%9c%ec%84%a4-%ed%97%ac%eb%a9%a7-%eb%8c%80%ec%97%ac/,2026-09-10,PARTIAL,,[수원 KT 위즈 파크 · KT 위즈] stadium_code: SUWON / stadium_name: 수원 KT 위즈 파크 / team_code: KT / facility_type: 기타 / facility_name: 헬멧 대여 / side: 중앙 / location_detail: 중앙 GATE 근처 (사이트 캡션 오류 가능: 포토카드로 표기됨) (공식 확인 전 정보로 정확하지 않을 수 있습니다.)
SC_FAC_SUWON_017,SUWON,수원 KT 위즈 파크,KT,기타,VIP라운지,외부,중앙~1루,외부 중앙~1루 사이,실외,UNOFFICIAL,COMMUNITY_SEATVIEW,myseatcheck.com (자리어때),https://myseatcheck.com/%ec%88%98%ec%9b%90-kt%ec%9c%84%ec%a6%88%ed%8c%8c%ed%81%ac-%ed%8e%b8%ec%9d%98%ec%8b%9c%ec%84%a4-vip%eb%9d%bc%ec%9a%b4%ec%a7%80/,2026-09-10,PARTIAL,,[수원 KT 위즈 파크 · KT 위즈] stadium_code: SUWON / stadium_name: 수원 KT 위즈 파크 / team_code: KT / facility_type: 기타 / facility_name: VIP라운지 / floor: 외부 / side: 중앙~1루 / location_detail: 외부 중앙~1루 사이 / indoor_outdoor: 실외 (공식 확인 전 정보로 정확하지 않을 수 있습니다.)
SC_FAC_SUWON_018,SUWON,수원 KT 위즈 파크,KT,기타,배팅존,외부,1루,외부 1루 메인GATE 앞,실외,UNOFFICIAL,COMMUNITY_SEATVIEW,myseatcheck.com (자리어때),https://myseatcheck.com/%ec%88%98%ec%9b%90-kt%ec%9c%84%ec%a6%88%ed%8c%8c%ed%81%ac-%ed%8e%b8%ec%9d%98%ec%8b%9c%ec%84%a4-%eb%b0%b0%ed%8c%85%ec%a1%b4/,2026-09-10,PARTIAL,,[수원 KT 위즈 파크 · KT 위즈] stadium_code: SUWON / stadium_name: 수원 KT 위즈 파크 / team_code: KT / facility_type: 기타 / facility_name: 배팅존 / floor: 외부 / side: 1루 / location_detail: 외부 1루 메인GATE 앞 / indoor_outdoor: 실외 (공식 확인 전 정보로 정확하지 않을 수 있습니다.)
SC_FAC_DAEJEON_001,DAEJEON,대전 한화생명 볼파크,HANWHA,굿즈샵,스파이더샵(어센틱 팀스토어),2층,중앙~1루,2층 중앙~1루,,UNOFFICIAL,COMMUNITY_SEATVIEW,myseatcheck.com (자리어때),https://myseatcheck.com/%eb%8c%80%ec%a0%84%ed%95%9c%ed%99%94%ec%83%9d%eb%aa%85%eb%b3%bc%ed%8c%8c%ed%81%ac-%ea%b5%bf%ec%a6%88%ec%83%b5-%ed%8e%b8%ec%9d%98%ec%8b%9c%ec%84%a4-%ec%8a%a4%ed%8c%8c%ec%9d%b4%eb%8d%94%ec%83%b5/,2026-09-10,PARTIAL,,[대전 한화생명 볼파크 · 한화 이글스] stadium_code: DAEJEON / stadium_name: 대전 한화생명 볼파크 / team_code: HANWHA / facility_type: 굿즈샵 / facility_name: 스파이더샵(어센틱 팀스토어) / floor: 2층 / side: 중앙~1루 / location_detail: 2층 중앙~1루 (공식 확인 전 정보로 정확하지 않을 수 있습니다.)
SC_FAC_DAEJEON_002,DAEJEON,대전 한화생명 볼파크,HANWHA,굿즈샵,형지샵(레플리카 팀스토어),2층,중앙~3루,2층 중앙~3루,,UNOFFICIAL,COMMUNITY_SEATVIEW,myseatcheck.com (자리어때),https://myseatcheck.com/%eb%8c%80%ec%a0%84%ed%95%9c%ed%99%94%ec%83%9d%eb%aa%85%eb%b3%bc%ed%8c%8c%ed%81%ac-%ea%b5%bf%ec%a6%88%ec%83%b5-%ed%8e%b8%ec%9d%98%ec%8b%9c%ec%84%a4-%ed%98%95%ec%a7%80%ec%83%b5%eb%a0%88%ed%94%8c/,2026-09-10,PARTIAL,,[대전 한화생명 볼파크 · 한화 이글스] stadium_code: DAEJEON / stadium_name: 대전 한화생명 볼파크 / team_code: HANWHA / facility_type: 굿즈샵 / facility_name: 형지샵(레플리카 팀스토어) / floor: 2층 / side: 중앙~3루 / location_detail: 2층 중앙~3루 (공식 확인 전 정보로 정확하지 않을 수 있습니다.)
SC_FAC_DAEJEON_003,DAEJEON,대전 한화생명 볼파크,HANWHA,기타,유니폼 마킹존,2층,1루,2층 1루,,UNOFFICIAL,COMMUNITY_SEATVIEW,myseatcheck.com (자리어때),https://myseatcheck.com/%eb%8c%80%ec%a0%84%ed%95%9c%ed%99%94%ec%83%9d%eb%aa%85%eb%b3%bc%ed%8c%8c%ed%81%ac-%ea%b5%bf%ec%a6%88%ec%83%b5-%ed%8e%b8%ec%9d%98%ec%8b%9c%ec%84%a4-%eb%a7%88%ed%82%b9%ec%a1%b4/,2026-09-10,PARTIAL,,[대전 한화생명 볼파크 · 한화 이글스] stadium_code: DAEJEON / stadium_name: 대전 한화생명 볼파크 / team_code: HANWHA / facility_type: 기타 / facility_name: 유니폼 마킹존 / floor: 2층 / side: 1루 / location_detail: 2층 1루 (공식 확인 전 정보로 정확하지 않을 수 있습니다.)
SC_FAC_DAEJEON_004,DAEJEON,대전 한화생명 볼파크,HANWHA,포토부스,포토카드,2층,1루,2층 1루,,UNOFFICIAL,COMMUNITY_SEATVIEW,myseatcheck.com (자리어때),https://myseatcheck.com/%eb%8c%80%ec%a0%84%ed%95%9c%ed%99%94%ec%83%9d%eb%aa%85%eb%b3%bc%ed%8c%8c%ed%81%ac-%ea%b5%bf%ec%a6%88%ec%83%b5-%ed%8e%b8%ec%9d%98%ec%8b%9c%ec%84%a4-%ed%8f%ac%ed%86%a0%ec%b9%b4%eb%93%9c/,2026-09-10,PARTIAL,,[대전 한화생명 볼파크 · 한화 이글스] stadium_code: DAEJEON / stadium_name: 대전 한화생명 볼파크 / team_code: HANWHA / facility_type: 포토부스 / facility_name: 포토카드 / floor: 2층 / side: 1루 / location_detail: 2층 1루 (공식 확인 전 정보로 정확하지 않을 수 있습니다.)
SC_FAC_DAEJEON_005,DAEJEON,대전 한화생명 볼파크,HANWHA,포토부스,포토이즘 / 인생네컷,2층,3루,2층 3루,,UNOFFICIAL,COMMUNITY_SEATVIEW,myseatcheck.com (자리어때),https://myseatcheck.com/%eb%8c%80%ec%a0%84%ed%95%9c%ed%99%94%ec%83%9d%eb%aa%85%eb%b3%bc%ed%8c%8c%ed%81%ac-%ea%b5%bf%ec%a6%88%ec%83%b5-%ed%8e%b8%ec%9d%98%ec%8b%9c%ec%84%a4-%ed%8f%ac%ed%86%a0%ec%9d%b4%ec%a6%98%ec%9d%b8/,2026-09-10,PARTIAL,,[대전 한화생명 볼파크 · 한화 이글스] stadium_code: DAEJEON / stadium_name: 대전 한화생명 볼파크 / team_code: HANWHA / facility_type: 포토부스 / facility_name: 포토이즘 / 인생네컷 / floor: 2층 / side: 3루 / location_detail: 2층 3루 (공식 확인 전 정보로 정확하지 않을 수 있습니다.)
SC_FAC_DAEJEON_006,DAEJEON,대전 한화생명 볼파크,HANWHA,기타,키즈카페,,외야,키즈카페 (외야),,UNOFFICIAL,COMMUNITY_SEATVIEW,myseatcheck.com (자리어때),https://myseatcheck.com/%eb%8c%80%ec%a0%84%ed%95%9c%ed%99%94%ec%83%9d%eb%aa%85%eb%b3%bc%ed%8c%8c%ed%81%ac-%ea%b5%bf%ec%a6%88%ec%83%b5-%ed%8e%b8%ec%9d%98%ec%8b%9c%ec%84%a4-%ed%82%a4%ec%a6%88%ec%b9%b4%ed%8e%98/,2026-09-10,PARTIAL,,[대전 한화생명 볼파크 · 한화 이글스] stadium_code: DAEJEON / stadium_name: 대전 한화생명 볼파크 / team_code: HANWHA / facility_type: 기타 / facility_name: 키즈카페 / side: 외야 / location_detail: 키즈카페 (외야) (공식 확인 전 정보로 정확하지 않을 수 있습니다.)
SC_FAC_DAEGU_001,DAEGU,대구 삼성 라이온즈 파크,SAMSUNG,굿즈샵,팀스토어,1층,,1층 외부,,UNOFFICIAL,COMMUNITY_SEATVIEW,myseatcheck.com (자리어때),https://myseatcheck.com/대구-라이온즈파크-편의시설굿즈샵-팀스토어/,2026-09-10,PARTIAL,,[대구 삼성 라이온즈 파크 · 삼성 라이온즈] stadium_code: DAEGU / stadium_name: 대구 삼성 라이온즈 파크 / team_code: SAMSUNG / facility_type: 굿즈샵 / facility_name: 팀스토어 / floor: 1층 / location_detail: 1층 외부 (공식 확인 전 정보로 정확하지 않을 수 있습니다.)
SC_FAC_DAEGU_002,DAEGU,대구 삼성 라이온즈 파크,SAMSUNG,굿즈샵,언더아머샵,1층,,언더아머샵 (1층 외부),,UNOFFICIAL,COMMUNITY_SEATVIEW,myseatcheck.com (자리어때),https://myseatcheck.com/대구-라이온즈파크-편의시설굿즈샵-언더아머샵/,2026-09-10,PARTIAL,,[대구 삼성 라이온즈 파크 · 삼성 라이온즈] stadium_code: DAEGU / stadium_name: 대구 삼성 라이온즈 파크 / team_code: SAMSUNG / facility_type: 굿즈샵 / facility_name: 언더아머샵 / floor: 1층 / location_detail: 언더아머샵 (1층 외부) (공식 확인 전 정보로 정확하지 않을 수 있습니다.)
SC_FAC_DAEGU_003,DAEGU,대구 삼성 라이온즈 파크,SAMSUNG,포토부스,블루포카,3층,중앙,3층 중앙테이블석 근처,,UNOFFICIAL,COMMUNITY_SEATVIEW,myseatcheck.com (자리어때),https://myseatcheck.com/대구-라이온즈파크-편의시설굿즈샵-블루포카중앙/,2026-09-10,PARTIAL,,[대구 삼성 라이온즈 파크 · 삼성 라이온즈] stadium_code: DAEGU / stadium_name: 대구 삼성 라이온즈 파크 / team_code: SAMSUNG / facility_type: 포토부스 / facility_name: 블루포카 / floor: 3층 / side: 중앙 / location_detail: 3층 중앙테이블석 근처 (공식 확인 전 정보로 정확하지 않을 수 있습니다.)
SC_FAC_DAEGU_004,DAEGU,대구 삼성 라이온즈 파크,SAMSUNG,포토부스,포토카드,,3루,포토카드 (3루 내야지정석 11구역),,UNOFFICIAL,COMMUNITY_SEATVIEW,myseatcheck.com (자리어때),https://myseatcheck.com/대구-라이온즈파크-편의시설굿즈샵-포토카드/,2026-09-10,PARTIAL,,[대구 삼성 라이온즈 파크 · 삼성 라이온즈] stadium_code: DAEGU / stadium_name: 대구 삼성 라이온즈 파크 / team_code: SAMSUNG / facility_type: 포토부스 / facility_name: 포토카드 / side: 3루 / location_detail: 포토카드 (3루 내야지정석 11구역) (공식 확인 전 정보로 정확하지 않을 수 있습니다.)
SC_FAC_DAEGU_005,DAEGU,대구 삼성 라이온즈 파크,SAMSUNG,포토부스,블루샷 (인생네컷),3층,중앙,3층 중앙테이블석 근처,,UNOFFICIAL,COMMUNITY_SEATVIEW,myseatcheck.com (자리어때),https://myseatcheck.com/대구-라이온즈파크-편의시설굿즈샵-블루샷인생네/,2026-09-10,PARTIAL,,[대구 삼성 라이온즈 파크 · 삼성 라이온즈] stadium_code: DAEGU / stadium_name: 대구 삼성 라이온즈 파크 / team_code: SAMSUNG / facility_type: 포토부스 / facility_name: 블루샷 (인생네컷) / floor: 3층 / side: 중앙 / location_detail: 3층 중앙테이블석 근처 (공식 확인 전 정보로 정확하지 않을 수 있습니다.)
SC_FAC_DAEGU_006,DAEGU,대구 삼성 라이온즈 파크,SAMSUNG,물품보관함,물품보관함,1층,,1층 외부 매표소,,UNOFFICIAL,COMMUNITY_SEATVIEW,myseatcheck.com (자리어때),https://myseatcheck.com/대구-라이온즈파크-편의시설굿즈샵-물품보관함/,2026-09-10,PARTIAL,,[대구 삼성 라이온즈 파크 · 삼성 라이온즈] stadium_code: DAEGU / stadium_name: 대구 삼성 라이온즈 파크 / team_code: SAMSUNG / facility_type: 물품보관함 / facility_name: 물품보관함 / floor: 1층 / location_detail: 1층 외부 매표소 (공식 확인 전 정보로 정확하지 않을 수 있습니다.)
SC_FAC_DAEGU_007,DAEGU,대구 삼성 라이온즈 파크,SAMSUNG,보조배터리,보조배터리 대여,,3루,3루 블루존 2구역,,UNOFFICIAL,COMMUNITY_SEATVIEW,myseatcheck.com (자리어때),https://myseatcheck.com/대구-라이온즈파크-편의시설굿즈샵-보조배터리/,2026-09-10,PARTIAL,,[대구 삼성 라이온즈 파크 · 삼성 라이온즈] stadium_code: DAEGU / stadium_name: 대구 삼성 라이온즈 파크 / team_code: SAMSUNG / facility_type: 보조배터리 / facility_name: 보조배터리 대여 / side: 3루 / location_detail: 3루 블루존 2구역 (공식 확인 전 정보로 정확하지 않을 수 있습니다.)
SC_FAC_DAEGU_008,DAEGU,대구 삼성 라이온즈 파크,SAMSUNG,보조배터리,보조배터리 대여,3층,중앙,3층 중앙,,UNOFFICIAL,COMMUNITY_SEATVIEW,myseatcheck.com (자리어때),https://myseatcheck.com/대구-라이온즈파크-편의시설굿즈샵-보조배터리/,2026-09-10,PARTIAL,,[대구 삼성 라이온즈 파크 · 삼성 라이온즈] stadium_code: DAEGU / stadium_name: 대구 삼성 라이온즈 파크 / team_code: SAMSUNG / facility_type: 보조배터리 / facility_name: 보조배터리 대여 / floor: 3층 / side: 중앙 / location_detail: 3층 중앙 (공식 확인 전 정보로 정확하지 않을 수 있습니다.)
SC_FAC_GWANGJU_001,GWANGJU,광주 KIA 챔피언스필드,KIA,굿즈샵,팀스토어,외부,중앙,팀스토어 (외부 중앙),실외,UNOFFICIAL,COMMUNITY_SEATVIEW,myseatcheck.com (자리어때),https://myseatcheck.com/광주-챔피언스필드-편의시설-팀스토어/,2026-09-10,PARTIAL,,[광주-KIA 챔피언스 필드 · KIA 타이거즈] stadium_code: GWANGJU / stadium_name: 광주 KIA 챔피언스필드 / team_code: KIA / facility_type: 굿즈샵 / facility_name: 팀스토어 / floor: 외부 / side: 중앙 / location_detail: 팀스토어 (외부 중앙) / indoor_outdoor: 실외 (공식 확인 전 정보로 정확하지 않을 수 있습니다.)
SC_FAC_GWANGJU_002,GWANGJU,광주 KIA 챔피언스필드,KIA,기타,마킹존,외부,,마킹존 (외부 팀스토어 근처),실외,UNOFFICIAL,COMMUNITY_SEATVIEW,myseatcheck.com (자리어때),https://myseatcheck.com/광주-챔피언스필드-편의시설-마킹존/,2026-09-10,PARTIAL,,[광주-KIA 챔피언스 필드 · KIA 타이거즈] stadium_code: GWANGJU / stadium_name: 광주 KIA 챔피언스필드 / team_code: KIA / facility_type: 기타 / facility_name: 마킹존 / floor: 외부 / location_detail: 마킹존 (외부 팀스토어 근처) / indoor_outdoor: 실외 (공식 확인 전 정보로 정확하지 않을 수 있습니다.)
SC_FAC_GWANGJU_003,GWANGJU,광주 KIA 챔피언스필드,KIA,굿즈샵,팀스토어 미니,3층,3루,3루 3층,,UNOFFICIAL,COMMUNITY_SEATVIEW,myseatcheck.com (자리어때),https://myseatcheck.com/광주-챔피언스필드-편의시설-팀스토어-미니/,2026-09-10,PARTIAL,,[광주-KIA 챔피언스 필드 · KIA 타이거즈] stadium_code: GWANGJU / stadium_name: 광주 KIA 챔피언스필드 / team_code: KIA / facility_type: 굿즈샵 / facility_name: 팀스토어 미니 / floor: 3층 / side: 3루 / location_detail: 3루 3층 (공식 확인 전 정보로 정확하지 않을 수 있습니다.)
SC_FAC_GWANGJU_004,GWANGJU,광주 KIA 챔피언스필드,KIA,포토부스,포토부스 (인생네컷),외부,외야~1루,포토부스 (외부 외야~1루),실외,UNOFFICIAL,COMMUNITY_SEATVIEW,myseatcheck.com (자리어때),https://myseatcheck.com/광주-챔피언스필드-편의시설-포토부스인생네컷/,2026-09-10,PARTIAL,,[광주-KIA 챔피언스 필드 · KIA 타이거즈] stadium_code: GWANGJU / stadium_name: 광주 KIA 챔피언스필드 / team_code: KIA / facility_type: 포토부스 / facility_name: 포토부스 (인생네컷) / floor: 외부 / side: 외야~1루 / location_detail: 포토부스 (외부 외야~1루) / indoor_outdoor: 실외 (공식 확인 전 정보로 정확하지 않을 수 있습니다.)
SC_FAC_GWANGJU_005,GWANGJU,광주 KIA 챔피언스필드,KIA,포토부스,포토카드,,,포토카드 (525구역 복도),,UNOFFICIAL,COMMUNITY_SEATVIEW,myseatcheck.com (자리어때),https://myseatcheck.com/광주-챔피언스필드-편의시설-포토카드/,2026-09-10,PARTIAL,,[광주-KIA 챔피언스 필드 · KIA 타이거즈] stadium_code: GWANGJU / stadium_name: 광주 KIA 챔피언스필드 / team_code: KIA / facility_type: 포토부스 / facility_name: 포토카드 / location_detail: 포토카드 (525구역 복도) (공식 확인 전 정보로 정확하지 않을 수 있습니다.)
SC_FAC_GWANGJU_006,GWANGJU,광주 KIA 챔피언스필드,KIA,굿즈샵,INC SHOP,,,INC SHOP (INC COFFEE 내부),,UNOFFICIAL,COMMUNITY_SEATVIEW,myseatcheck.com (자리어때),https://myseatcheck.com/광주-챔피언스필드-편의시설-inc-shop/,2026-09-10,PARTIAL,,[광주-KIA 챔피언스 필드 · KIA 타이거즈] stadium_code: GWANGJU / stadium_name: 광주 KIA 챔피언스필드 / team_code: KIA / facility_type: 굿즈샵 / facility_name: INC SHOP / location_detail: INC SHOP (INC COFFEE 내부) (공식 확인 전 정보로 정확하지 않을 수 있습니다.)
SC_FAC_GWANGJU_007,GWANGJU,광주 KIA 챔피언스필드,KIA,보조배터리,보조배터리,,중앙,중앙 통로,,UNOFFICIAL,COMMUNITY_SEATVIEW,myseatcheck.com (자리어때),https://myseatcheck.com/광주-챔피언스필드-편의시설-보조배터리/,2026-09-10,PARTIAL,,[광주-KIA 챔피언스 필드 · KIA 타이거즈] stadium_code: GWANGJU / stadium_name: 광주 KIA 챔피언스필드 / team_code: KIA / facility_type: 보조배터리 / facility_name: 보조배터리 / side: 중앙 / location_detail: 중앙 통로 (공식 확인 전 정보로 정확하지 않을 수 있습니다.)
SC_FAC_GWANGJU_008,GWANGJU,광주 KIA 챔피언스필드,KIA,물품보관함,물품보관함,외부,,물품보관함 (외부 원정출입구),실외,UNOFFICIAL,COMMUNITY_SEATVIEW,myseatcheck.com (자리어때),https://myseatcheck.com/광주-챔피언스필드-편의시설-물품보관함/,2026-09-10,PARTIAL,,[광주-KIA 챔피언스 필드 · KIA 타이거즈] stadium_code: GWANGJU / stadium_name: 광주 KIA 챔피언스필드 / team_code: KIA / facility_type: 물품보관함 / facility_name: 물품보관함 / floor: 외부 / location_detail: 물품보관함 (외부 원정출입구) / indoor_outdoor: 실외 (공식 확인 전 정보로 정확하지 않을 수 있습니다.)
SC_FAC_GWANGJU_009,GWANGJU,광주 KIA 챔피언스필드,KIA,물품보관함,물품보관함,,중앙,물품보관함 (중앙 통로),,UNOFFICIAL,COMMUNITY_SEATVIEW,myseatcheck.com (자리어때),https://myseatcheck.com/광주-챔피언스필드-편의시설-물품보관함내부/,2026-09-10,PARTIAL,,[광주-KIA 챔피언스 필드 · KIA 타이거즈] stadium_code: GWANGJU / stadium_name: 광주 KIA 챔피언스필드 / team_code: KIA / facility_type: 물품보관함 / facility_name: 물품보관함 / side: 중앙 / location_detail: 물품보관함 (중앙 통로) (공식 확인 전 정보로 정확하지 않을 수 있습니다.)
SC_FAC_SAJIK_001,SAJIK,사직야구장,LOTTE,굿즈샵,프로페셔널샵,1층,중앙,프로페셔널샵 (중앙광장 1층),,UNOFFICIAL,COMMUNITY_SEATVIEW,myseatcheck.com (자리어때),https://myseatcheck.com/%eb%b6%80%ec%82%b0-%ec%82%ac%ec%a7%81%ec%95%bc%ea%b5%ac%ec%9e%a5-%ed%8e%b8%ec%9d%98%ec%8b%9c%ec%84%a4-%ed%94%84%eb%a1%9c%ed%8e%98%ec%85%94%eb%84%90%ec%83%b5%ec%a4%91%ec%95%99%ea%b4%91%ec%9e%a5/,2026-09-10,PARTIAL,,[사직야구장 · 롯데 자이언츠] stadium_code: SAJIK / stadium_name: 사직야구장 / team_code: LOTTE / facility_type: 굿즈샵 / facility_name: 프로페셔널샵 / floor: 1층 / side: 중앙 / location_detail: 프로페셔널샵 (중앙광장 1층) (공식 확인 전 정보로 정확하지 않을 수 있습니다.)
SC_FAC_SAJIK_002,SAJIK,사직야구장,LOTTE,굿즈샵,콜라보샵,,중앙,콜라보샵 (중앙광장),,UNOFFICIAL,COMMUNITY_SEATVIEW,myseatcheck.com (자리어때),https://myseatcheck.com/%eb%b6%80%ec%82%b0-%ec%82%ac%ec%a7%81%ec%95%bc%ea%b5%ac%ec%9e%a5-%ed%8e%b8%ec%9d%98%ec%8b%9c%ec%84%a4-%ec%bd%9c%eb%9d%bc%eb%b3%b4%ec%83%b5%ec%a4%91%ec%95%99%ea%b4%91%ec%9e%a5/,2026-09-10,PARTIAL,,[사직야구장 · 롯데 자이언츠] stadium_code: SAJIK / stadium_name: 사직야구장 / team_code: LOTTE / facility_type: 굿즈샵 / facility_name: 콜라보샵 / side: 중앙 / location_detail: 콜라보샵 (중앙광장) (공식 확인 전 정보로 정확하지 않을 수 있습니다.)
SC_FAC_SAJIK_003,SAJIK,사직야구장,LOTTE,굿즈샵,패션샵,3층,중앙~3루,3층 중앙~3루,,UNOFFICIAL,COMMUNITY_SEATVIEW,myseatcheck.com (자리어때),https://myseatcheck.com/%eb%b6%80%ec%82%b0-%ec%82%ac%ec%a7%81%ec%95%bc%ea%b5%ac%ec%9e%a5-%ed%8e%b8%ec%9d%98%ec%8b%9c%ec%84%a4-%ed%8c%a8%ec%85%98%ec%83%b5%eb%82%b4%eb%b6%80-3%ec%b8%b5/,2026-09-10,PARTIAL,,[사직야구장 · 롯데 자이언츠] stadium_code: SAJIK / stadium_name: 사직야구장 / team_code: LOTTE / facility_type: 굿즈샵 / facility_name: 패션샵 / floor: 3층 / side: 중앙~3루 / location_detail: 3층 중앙~3루 (공식 확인 전 정보로 정확하지 않을 수 있습니다.)
SC_FAC_SAJIK_004,SAJIK,사직야구장,LOTTE,굿즈샵,치어샵,2층,1루,2층 드림GATE 근처,,UNOFFICIAL,COMMUNITY_SEATVIEW,myseatcheck.com (자리어때),https://myseatcheck.com/%eb%b6%80%ec%82%b0-%ec%82%ac%ec%a7%81%ec%95%bc%ea%b5%ac%ec%9e%a5-%ed%8e%b8%ec%9d%98%ec%8b%9c%ec%84%a4-%ec%b9%98%ec%96%b4%ec%83%b51%eb%a3%a8-2%ec%b8%b5/,2026-09-10,PARTIAL,,[사직야구장 · 롯데 자이언츠] stadium_code: SAJIK / stadium_name: 사직야구장 / team_code: LOTTE / facility_type: 굿즈샵 / facility_name: 치어샵 / floor: 2층 / side: 1루 / location_detail: 2층 드림GATE 근처 (공식 확인 전 정보로 정확하지 않을 수 있습니다.)
SC_FAC_SAJIK_005,SAJIK,사직야구장,LOTTE,굿즈샵,랜덤토이샵,2층,,광장 마킹스테이션 2층,,UNOFFICIAL,COMMUNITY_SEATVIEW,myseatcheck.com (자리어때),https://myseatcheck.com/%eb%b6%80%ec%82%b0-%ec%82%ac%ec%a7%81%ec%95%bc%ea%b5%ac%ec%9e%a5-%ed%8e%b8%ec%9d%98%ec%8b%9c%ec%84%a4-%eb%9e%9c%eb%8d%a4-%ed%86%a0%ec%9d%b4%ec%83%b5/,2026-09-10,PARTIAL,,[사직야구장 · 롯데 자이언츠] stadium_code: SAJIK / stadium_name: 사직야구장 / team_code: LOTTE / facility_type: 굿즈샵 / facility_name: 랜덤토이샵 / floor: 2층 / location_detail: 광장 마킹스테이션 2층 (공식 확인 전 정보로 정확하지 않을 수 있습니다.)
SC_FAC_SAJIK_006,SAJIK,사직야구장,LOTTE,포토부스,포토카드,2층,3루,2층 3루 322 GATE,,UNOFFICIAL,COMMUNITY_SEATVIEW,myseatcheck.com (자리어때),https://myseatcheck.com/%eb%b6%80%ec%82%b0-%ec%82%ac%ec%a7%81%ec%95%bc%ea%b5%ac%ec%9e%a5-%ed%8e%b8%ec%9d%98%ec%8b%9c%ec%84%a4-%ed%8f%ac%ed%86%a0%ec%b9%b4%eb%93%9c/,2026-09-10,PARTIAL,,[사직야구장 · 롯데 자이언츠] stadium_code: SAJIK / stadium_name: 사직야구장 / team_code: LOTTE / facility_type: 포토부스 / facility_name: 포토카드 / floor: 2층 / side: 3루 / location_detail: 2층 3루 322 GATE (공식 확인 전 정보로 정확하지 않을 수 있습니다.)
SC_FAC_SAJIK_007,SAJIK,사직야구장,LOTTE,포토부스,네컷포토,3층,1루,네컷포토 (3층 1루 131 GATE),,UNOFFICIAL,COMMUNITY_SEATVIEW,myseatcheck.com (자리어때),https://myseatcheck.com/%eb%b6%80%ec%82%b0-%ec%82%ac%ec%a7%81%ec%95%bc%ea%b5%ac%ec%9e%a5-%ed%8e%b8%ec%9d%98%ec%8b%9c%ec%84%a4-%eb%84%a4%ec%bb%b7%ed%8f%ac%ed%86%a01%eb%a3%a8-3%ec%b8%b5/,2026-09-10,PARTIAL,,[사직야구장 · 롯데 자이언츠] stadium_code: SAJIK / stadium_name: 사직야구장 / team_code: LOTTE / facility_type: 포토부스 / facility_name: 네컷포토 / floor: 3층 / side: 1루 / location_detail: 네컷포토 (3층 1루 131 GATE) (공식 확인 전 정보로 정확하지 않을 수 있습니다.)
SC_FAC_SAJIK_008,SAJIK,사직야구장,LOTTE,포토부스,네컷포토,2층,3루,네컷포토 (2층 3루 322 GATE),,UNOFFICIAL,COMMUNITY_SEATVIEW,myseatcheck.com (자리어때),https://myseatcheck.com/%eb%b6%80%ec%82%b0-%ec%82%ac%ec%a7%81%ec%95%bc%ea%b5%ac%ec%9e%a5-%ed%8e%b8%ec%9d%98%ec%8b%9c%ec%84%a4-%eb%84%a4%ec%bb%b7%ed%8f%ac%ed%86%a03%ec%b8%b5-%ec%a4%91%ec%95%99/,2026-09-10,PARTIAL,,[사직야구장 · 롯데 자이언츠] stadium_code: SAJIK / stadium_name: 사직야구장 / team_code: LOTTE / facility_type: 포토부스 / facility_name: 네컷포토 / floor: 2층 / side: 3루 / location_detail: 네컷포토 (2층 3루 322 GATE) (공식 확인 전 정보로 정확하지 않을 수 있습니다.)
SC_FAC_SAJIK_009,SAJIK,사직야구장,LOTTE,포토부스,네컷포토,,중앙,네컷포토 (중앙광장 마킹스테이션 옆),,UNOFFICIAL,COMMUNITY_SEATVIEW,myseatcheck.com (자리어때),https://myseatcheck.com/%EB%B6%80%EC%82%B0-%EC%82%AC%EC%A7%81%EC%95%BC%EA%B5%AC%EC%9E%A5-%ED%8E%B8%EC%9D%98%EC%8B%9C%EC%84%A4-%EB%84%A4%EC%BB%B7%ED%8F%AC%ED%86%A0%EA%B4%91%EC%9E%A5/,2026-09-10,PARTIAL,,[사직야구장 · 롯데 자이언츠] stadium_code: SAJIK / stadium_name: 사직야구장 / team_code: LOTTE / facility_type: 포토부스 / facility_name: 네컷포토 / side: 중앙 / location_detail: 네컷포토 (중앙광장 마킹스테이션 옆) (공식 확인 전 정보로 정확하지 않을 수 있습니다.)
SC_FAC_SAJIK_010,SAJIK,사직야구장,LOTTE,물품보관함,짐캐리,1층,중앙,짐캐리 (중앙광장 1층),,UNOFFICIAL,COMMUNITY_SEATVIEW,myseatcheck.com (자리어때),https://myseatcheck.com/%eb%b6%80%ec%82%b0-%ec%82%ac%ec%a7%81%ec%95%bc%ea%b5%ac%ec%9e%a5-%ed%8e%b8%ec%9d%98%ec%8b%9c%ec%84%a4-%ec%a7%90%ec%ba%90%eb%a6%ac%ec%a4%91%ec%95%99-%ea%b4%91%ec%9e%a5/,2026-09-10,PARTIAL,,[사직야구장 · 롯데 자이언츠] stadium_code: SAJIK / stadium_name: 사직야구장 / team_code: LOTTE / facility_type: 물품보관함 / facility_name: 짐캐리 / floor: 1층 / side: 중앙 / location_detail: 짐캐리 (중앙광장 1층) (공식 확인 전 정보로 정확하지 않을 수 있습니다.)
SC_FAC_SAJIK_011,SAJIK,사직야구장,LOTTE,물품보관함,물품보관함,2층,1루,물품보관함 (1루 2층),,UNOFFICIAL,COMMUNITY_SEATVIEW,myseatcheck.com (자리어때),https://myseatcheck.com/%eb%b6%80%ec%82%b0-%ec%82%ac%ec%a7%81%ec%95%bc%ea%b5%ac%ec%9e%a5-%ed%8e%b8%ec%9d%98%ec%8b%9c%ec%84%a4-%eb%ac%bc%ed%92%88%eb%b3%b4%ea%b4%80%ed%95%a8-1%eb%a3%a8-2%ec%b8%b5/,2026-09-10,PARTIAL,,[사직야구장 · 롯데 자이언츠] stadium_code: SAJIK / stadium_name: 사직야구장 / team_code: LOTTE / facility_type: 물품보관함 / facility_name: 물품보관함 / floor: 2층 / side: 1루 / location_detail: 물품보관함 (1루 2층) (공식 확인 전 정보로 정확하지 않을 수 있습니다.)
SC_FAC_SAJIK_012,SAJIK,사직야구장,LOTTE,물품보관함,물품보관함,3층,3루,물품보관함 (3루 3층 유아휴게실 옆),,UNOFFICIAL,COMMUNITY_SEATVIEW,myseatcheck.com (자리어때),https://myseatcheck.com/%eb%b6%80%ec%82%b0-%ec%82%ac%ec%a7%81%ec%95%bc%ea%b5%ac%ec%9e%a5-%ed%8e%b8%ec%9d%98%ec%8b%9c%ec%84%a4-%eb%ac%bc%ed%92%88%eb%b3%b4%ea%b4%80%ed%95%a8-3%eb%a3%a8-3%ec%b8%b5-%ec%9c%a0%ec%95%84%ed%9c%b4/,2026-09-10,PARTIAL,,[사직야구장 · 롯데 자이언츠] stadium_code: SAJIK / stadium_name: 사직야구장 / team_code: LOTTE / facility_type: 물품보관함 / facility_name: 물품보관함 / floor: 3층 / side: 3루 / location_detail: 물품보관함 (3루 3층 유아휴게실 옆) (공식 확인 전 정보로 정확하지 않을 수 있습니다.)
SC_FAC_SAJIK_013,SAJIK,사직야구장,LOTTE,물품보관함,물품보관함,3층,중앙,3층 2-16 GATE 앞,,UNOFFICIAL,COMMUNITY_SEATVIEW,myseatcheck.com (자리어때),https://myseatcheck.com/%eb%b6%80%ec%82%b0-%ec%82%ac%ec%a7%81%ec%95%bc%ea%b5%ac%ec%9e%a5-%ed%8e%b8%ec%9d%98%ec%8b%9c%ec%84%a4-%eb%ac%bc%ed%92%88%eb%b3%b4%ea%b4%80%ed%95%a8-3%ec%b8%b5-2-16gate/,2026-09-10,PARTIAL,,[사직야구장 · 롯데 자이언츠] stadium_code: SAJIK / stadium_name: 사직야구장 / team_code: LOTTE / facility_type: 물품보관함 / facility_name: 물품보관함 / floor: 3층 / side: 중앙 / location_detail: 3층 2-16 GATE 앞 (공식 확인 전 정보로 정확하지 않을 수 있습니다.)
SC_FAC_SAJIK_014,SAJIK,사직야구장,LOTTE,물품보관함,물품보관함,3층,,물품보관함 (3층 패션샵 앞),,UNOFFICIAL,COMMUNITY_SEATVIEW,myseatcheck.com (자리어때),https://myseatcheck.com/%eb%b6%80%ec%82%b0-%ec%82%ac%ec%a7%81%ec%95%bc%ea%b5%ac%ec%9e%a5-%ed%8e%b8%ec%9d%98%ec%8b%9c%ec%84%a4-%eb%ac%bc%ed%92%88%eb%b3%b4%ea%b4%80%ed%95%a8-3%ec%b8%b5-%ed%8c%a8%ec%85%98%ec%83%b5-%ec%95%9e/,2026-09-10,PARTIAL,,[사직야구장 · 롯데 자이언츠] stadium_code: SAJIK / stadium_name: 사직야구장 / team_code: LOTTE / facility_type: 물품보관함 / facility_name: 물품보관함 / floor: 3층 / location_detail: 물품보관함 (3층 패션샵 앞) (공식 확인 전 정보로 정확하지 않을 수 있습니다.)
SC_FAC_SAJIK_015,SAJIK,사직야구장,LOTTE,물품보관함,물품보관함,,외야,물품보관함 (외야 723 GATE),,UNOFFICIAL,COMMUNITY_SEATVIEW,myseatcheck.com (자리어때),https://myseatcheck.com/%eb%b6%80%ec%82%b0-%ec%82%ac%ec%a7%81%ec%95%bc%ea%b5%ac%ec%9e%a5-%ed%8e%b8%ec%9d%98%ec%8b%9c%ec%84%a4-%eb%ac%bc%ed%92%88%eb%b3%b4%ea%b4%80%ed%95%a8-%ec%99%b8%ec%95%bc-723-gate/,2026-09-10,PARTIAL,,[사직야구장 · 롯데 자이언츠] stadium_code: SAJIK / stadium_name: 사직야구장 / team_code: LOTTE / facility_type: 물품보관함 / facility_name: 물품보관함 / side: 외야 / location_detail: 물품보관함 (외야 723 GATE) (공식 확인 전 정보로 정확하지 않을 수 있습니다.)
SC_FAC_CHANGWON_001,CHANGWON,창원 NC 파크,NC,굿즈샵,팀스토어,외부,,팀스토어 (경기장 외부),실외,UNOFFICIAL,COMMUNITY_SEATVIEW,myseatcheck.com (자리어때),https://myseatcheck.com/%ec%b0%bd%ec%9b%90nc%ed%8c%8c%ed%81%ac-%ed%8e%b8%ec%9d%98%ec%8b%9c%ec%84%a4-%ed%8c%80%ec%8a%a4%ed%86%a0%ec%96%b4/,2026-09-10,PARTIAL,,[창원 NC 파크 · NC 다이노스] stadium_code: CHANGWON / stadium_name: 창원 NC 파크 / team_code: NC / facility_type: 굿즈샵 / facility_name: 팀스토어 / floor: 외부 / location_detail: 팀스토어 (경기장 외부) / indoor_outdoor: 실외 (공식 확인 전 정보로 정확하지 않을 수 있습니다.)
SC_FAC_CHANGWON_002,CHANGWON,창원 NC 파크,NC,굿즈샵,팀스토어 멀티샵,외부,,팀스토어 멀티샵 (경기장 외부),실외,UNOFFICIAL,COMMUNITY_SEATVIEW,myseatcheck.com (자리어때),https://myseatcheck.com/%ec%b0%bd%ec%9b%90nc%ed%8c%8c%ed%81%ac-%ed%8e%b8%ec%9d%98%ec%8b%9c%ec%84%a4-%ed%8c%80%ec%8a%a4%ed%86%a0%ec%96%b4-%eb%a9%80%ed%8b%b0%ec%83%b5/,2026-09-10,PARTIAL,,[창원 NC 파크 · NC 다이노스] stadium_code: CHANGWON / stadium_name: 창원 NC 파크 / team_code: NC / facility_type: 굿즈샵 / facility_name: 팀스토어 멀티샵 / floor: 외부 / location_detail: 팀스토어 멀티샵 (경기장 외부) / indoor_outdoor: 실외 (공식 확인 전 정보로 정확하지 않을 수 있습니다.)
SC_FAC_CHANGWON_003,CHANGWON,창원 NC 파크,NC,포토부스,포토카드,,,포토카드 (111블럭 복도),,UNOFFICIAL,COMMUNITY_SEATVIEW,myseatcheck.com (자리어때),https://myseatcheck.com/%ec%b0%bd%ec%9b%90nc%ed%8c%8c%ed%81%ac-%ed%8e%b8%ec%9d%98%ec%8b%9c%ec%84%a4-%ed%8f%ac%ed%86%a0%ec%b9%b4%eb%93%9c/,2026-09-10,PARTIAL,,[창원 NC 파크 · NC 다이노스] stadium_code: CHANGWON / stadium_name: 창원 NC 파크 / team_code: NC / facility_type: 포토부스 / facility_name: 포토카드 / location_detail: 포토카드 (111블럭 복도) (공식 확인 전 정보로 정확하지 않을 수 있습니다.)
SC_FAC_CHANGWON_004,CHANGWON,창원 NC 파크,NC,기타,스크린야구,,,스크린야구 (222블럭),,UNOFFICIAL,COMMUNITY_SEATVIEW,myseatcheck.com (자리어때),https://myseatcheck.com/%ec%b0%bd%ec%9b%90nc%ed%8c%8c%ed%81%ac-%ed%8e%b8%ec%9d%98%ec%8b%9c%ec%84%a4-%ec%8a%a4%ed%81%ac%eb%a6%b0%ec%95%bc%ea%b5%ac/,2026-09-10,PARTIAL,,[창원 NC 파크 · NC 다이노스] stadium_code: CHANGWON / stadium_name: 창원 NC 파크 / team_code: NC / facility_type: 기타 / facility_name: 스크린야구 / location_detail: 스크린야구 (222블럭) (공식 확인 전 정보로 정확하지 않을 수 있습니다.)
